,PassengerId,Pclass,Sex,Age,SibSp,Parch,Ticket,Fare,Cabin,Embarked,first_name,Mr,second_name,Survived
0,1,3,1,22.0,1,0,720,7.25,0,3,100,12,855,0
1,2,1,0,38.0,1,0,816,71.3,107,1,182,13,601,1
2,3,3,0,26.0,0,0,914,7.926,0,3,329,9,690,1
3,4,1,0,35.0,1,0,65,53.1,71,3,267,13,541,1
4,5,3,1,35.0,0,0,649,8.05,0,3,15,12,1102,0
5,6,3,1,29.88,0,0,373,8.46,0,2,538,12,544,0
6,7,1,1,54.0,0,0,109,51.88,164,3,500,12,1032,0
7,8,3,1,2.0,3,1,541,21.08,0,3,608,8,437,0
8,9,3,0,27.0,0,2,477,11.13,0,3,382,13,850,1
9,10,2,0,14.0,1,0,174,30.08,0,1,559,13,822,1
10,11,3,0,4.0,1,1,839,16.7,185,3,707,9,754,1
11,12,1,0,58.0,0,0,50,26.55,63,3,86,9,302,1
12,13,3,1,20.0,0,0,733,8.05,0,3,709,12,1102,0
13,14,3,1,39.0,1,5,459,31.28,0,3,21,12,89,0
14,15,3,0,14.0,0,0,566,7.855,0,3,821,9,518,0
15,16,2,0,55.0,0,0,204,16.0,0,3,336,13,16,1
16,17,3,1,2.0,4,1,659,29.12,0,2,664,8,355,0
17,18,2,1,29.88,0,0,201,13.0,0,3,850,12,200,1
18,19,3,0,31.0,1,0,417,18.0,0,3,817,13,658,0
19,20,3,0,29.88,0,0,243,7.227,0,1,494,13,365,1
20,21,2,1,35.0,0,0,182,26.0,0,3,268,12,643,0
21,22,2,1,34.0,0,0,203,13.0,144,3,68,12,694,1
22,23,3,0,15.0,0,0,379,8.03,0,2,509,9,98,1
23,24,1,1,28.0,0,0,54,35.5,18,3,744,12,1115,1
24,25,3,0,8.0,3,1,541,21.08,0,3,608,9,1035,0
25,26,3,0,38.0,1,5,454,31.39,0,3,33,13,177,1
26,27,3,1,29.88,0,0,238,7.227,0,1,237,12,364,0
27,28,1,1,19.0,3,2,123,263.0,81,3,257,12,192,0
28,29,3,0,29.88,0,0,385,7.88,0,2,587,9,309,1
29,30,3,1,29.88,0,0,499,7.895,0,3,794,12,691,0
30,31,1,1,40.0,0,0,818,27.72,0,1,810,2,741,0
31,32,1,0,29.88,1,0,802,146.5,55,1,755,13,1088,1
32,33,3,0,29.88,0,0,397,7.75,0,2,287,9,778,1
33,34,2,1,66.0,0,0,751,10.5,0,3,838,12,276,0
34,35,1,1,28.0,1,0,820,82.2,0,1,520,12,255,0
35,36,1,1,42.0,1,0,55,52.0,0,3,349,12,54,0
36,37,3,1,29.88,0,0,272,7.23,0,1,485,12,450,1
37,38,3,1,21.0,0,0,706,8.05,0,3,124,12,336,0
38,39,3,0,18.0,2,0,418,18.0,0,3,817,9,139,0
39,40,3,0,14.0,1,0,245,11.24,0,1,569,9,558,1
40,41,3,0,40.0,1,0,695,9.48,0,3,8,13,576,0
41,42,2,0,27.0,1,0,69,21.0,0,3,809,13,1109,0
42,43,3,1,29.88,0,0,536,7.895,0,1,415,12,1002,0
43,44,2,0,3.0,1,2,868,41.6,0,1,428,9,974,1
44,45,3,0,19.0,0,0,384,7.88,0,2,205,9,748,1
45,46,3,1,29.88,0,0,840,8.05,0,3,677,12,1107,0
46,47,3,1,29.88,1,0,637,15.5,0,2,440,12,242,0
47,48,3,0,29.88,0,0,100,7.75,0,2,586,9,168,1
48,49,3,1,29.88,2,0,256,21.67,0,1,706,12,1123,0
49,50,3,0,18.0,1,0,520,17.8,0,3,28,13,634,0
50,51,3,1,7.0,4,1,335,39.7,0,3,609,8,652,0
51,52,3,1,21.0,0,0,718,7.8,0,3,576,12,909,0
52,53,1,0,49.0,1,0,803,76.75,130,1,315,13,496,1
53,54,2,0,29.0,1,0,324,26.0,0,3,246,13,719,1
54,55,1,1,65.0,0,1,39,61.97,33,1,601,12,328,0
55,56,1,1,29.88,0,0,122,35.5,93,3,857,12,516,1
56,57,2,0,21.0,0,0,758,10.5,0,3,690,9,323,1
57,58,3,1,28.5,0,0,292,7.23,0,1,578,12,738,0
58,59,2,0,5.0,1,2,768,27.75,0,3,836,9,227,1
59,60,3,1,11.0,5,2,775,46.9,0,3,292,8,1099,0
60,61,3,1,22.0,0,0,263,7.23,0,1,733,12,848,0
61,62,1,0,38.0,0,0,42,80.0,31,0,361,9,85,1
62,63,1,1,45.0,1,0,630,83.5,106,3,317,12,483,0
63,64,3,1,4.0,3,2,464,27.9,0,3,739,8,459,0
64,65,1,1,29.88,0,0,821,27.72,0,1,765,12,39,0
65,66,3,1,29.88,1,1,255,15.24,0,1,543,8,430,1
66,67,2,0,29.0,0,0,755,10.5,182,3,579,13,7,1
67,68,3,1,19.0,0,0,849,8.16,0,3,178,12,340,0
68,69,3,0,17.0,4,2,334,7.926,0,3,21,9,334,1
69,70,3,1,26.0,2,0,363,8.664,0,3,409,12,1053,0
70,71,2,1,32.0,0,0,762,10.5,0,3,374,12,990,0
71,72,3,0,16.0,5,2,775,46.9,0,3,292,9,713,0
72,73,2,1,21.0,0,0,847,73.5,0,3,352,12,82,0
73,74,3,1,26.0,1,0,275,14.45,0,1,149,12,114,0
74,75,3,1,32.0,0,0,104,56.5,0,3,76,12,696,1
75,76,3,1,25.0,0,0,481,7.65,180,3,533,12,970,0
76,77,3,1,29.88,0,0,491,7.895,0,3,758,12,535,0
77,78,3,1,29.88,0,0,650,8.05,0,3,545,12,895,0
78,79,2,1,0.83,0,2,211,29.0,0,3,118,8,47,1
79,80,3,0,30.0,0,0,593,12.48,0,3,217,9,302,1
80,81,3,1,22.0,0,0,420,9.0,0,3,823,12,25,0
81,82,3,1,29.0,0,0,430,9.5,0,3,720,12,559,1
82,83,3,0,29.88,0,0,382,7.79,0,2,505,9,171,1
83,84,1,1,28.0,0,0,35,47.1,0,3,130,12,375,0
84,85,2,0,17.0,0,0,871,10.5,0,3,362,9,157,1
85,86,3,0,33.0,3,0,333,15.85,0,3,43,13,666,1
86,87,3,1,16.0,1,3,924,34.38,0,3,255,12,1111,0
87,88,3,1,29.88,0,0,894,8.05,0,3,743,12,958,0
88,89,1,0,23.0,3,2,123,263.0,81,3,257,9,731,1
89,90,3,1,24.0,0,0,411,8.05,0,3,136,12,371,0
90,91,3,1,29.0,0,0,412,8.05,0,3,147,12,317,0
91,92,3,1,20.0,0,0,471,7.855,0,3,22,12,860,0
92,93,1,1,46.0,1,0,926,61.2,155,3,137,12,500,0
93,94,3,1,26.0,1,2,750,20.58,0,3,199,12,162,0
94,95,3,1,59.0,0,0,589,7.25,0,3,176,12,231,0
95,96,3,1,29.88,0,0,652,8.05,0,3,724,12,206,0
96,97,1,1,71.0,0,0,830,34.66,17,1,289,12,411,0
97,98,1,1,23.0,0,1,835,63.34,119,1,297,12,1091,1
98,99,2,0,34.0,0,1,149,23.0,0,3,213,13,627,1
99,100,2,1,34.0,1,0,199,26.0,0,3,391,12,975,0
100,101,3,0,28.0,0,0,528,7.895,0,3,637,9,785,0
101,102,3,1,29.88,0,0,498,7.895,0,3,638,12,856,0
102,103,1,1,21.0,0,1,574,77.3,127,3,840,12,911,0
103,104,3,1,33.0,0,0,693,8.66,0,3,380,12,446,0
104,105,3,1,37.0,2,0,331,7.926,0,3,301,12,91,0
105,106,3,1,28.0,0,0,490,7.895,0,3,528,12,994,0
106,107,3,0,21.0,0,0,409,7.65,0,3,703,9,100,1
107,108,3,1,29.88,0,0,341,7.773,0,3,542,12,44,1
108,109,3,1,38.0,0,0,532,7.895,0,3,658,12,1030,0
109,110,3,0,29.88,1,0,646,24.16,0,2,538,9,157,1
110,111,1,1,47.0,0,0,2,52.0,67,3,649,12,1058,0
111,112,3,0,14.5,1,0,259,14.45,0,1,865,9,507,0
112,113,3,1,22.0,0,0,370,8.05,0,3,57,12,238,0
113,114,3,0,20.0,1,0,674,9.83,0,3,388,9,681,0
114,115,3,0,17.0,0,0,235,14.46,0,1,38,9,734,0
115,116,3,1,21.0,0,0,910,7.926,0,3,625,12,262,0
116,117,3,1,70.5,0,0,635,7.75,0,2,167,12,857,0
117,118,2,1,29.0,1,0,69,21.0,0,3,809,12,1108,0
118,119,1,1,24.0,0,1,800,247.5,49,1,60,12,893,0
119,120,3,0,2.0,4,2,459,31.28,0,3,21,9,312,0
120,121,2,1,21.0,2,0,847,73.5,0,3,337,12,983,0
121,122,3,1,29.88,0,0,738,8.05,0,3,537,12,704,0
122,123,2,1,32.5,1,0,174,30.08,0,1,559,12,821,0
123,124,2,0,32.5,0,0,297,13.0,149,3,831,9,995,1
124,125,1,1,54.0,0,1,574,77.3,127,3,840,12,871,0
125,126,3,1,12.0,1,0,245,11.24,0,1,569,8,295,1
126,127,3,1,29.88,0,0,638,7.75,0,2,511,12,775,0
127,128,3,1,24.0,0,0,742,7.14,0,3,476,12,403,1
128,129,3,0,29.88,1,1,262,22.36,178,1,634,9,97,1
129,130,3,1,45.0,0,0,438,6.977,0,3,233,12,575,0
130,131,3,1,33.0,0,0,524,7.895,0,1,221,12,649,0
131,132,3,1,20.0,0,0,876,7.05,0,3,154,12,246,0
132,133,3,0,47.0,1,0,735,14.5,0,3,675,13,52,0
133,134,2,0,29.0,1,0,143,26.0,0,3,833,13,708,1
134,135,2,1,25.0,0,0,754,13.0,0,3,750,12,945,0
135,136,2,1,23.0,0,0,859,15.05,0,1,665,12,319,0
136,137,1,0,19.0,0,2,71,26.28,140,3,566,9,475,1
137,138,1,1,37.0,1,0,65,53.1,71,3,267,12,540,0
138,139,3,1,16.0,0,0,691,9.22,0,3,599,12,842,0
139,140,1,1,24.0,0,0,810,79.2,59,1,279,12,1045,0
140,141,3,0,29.88,0,2,273,15.24,0,1,90,13,639,0
141,142,3,0,22.0,0,0,458,7.75,0,3,580,9,101,1
142,143,3,0,24.0,1,0,913,15.85,0,3,305,13,866,1
143,144,3,1,19.0,0,0,602,6.75,0,2,108,12,570,0
144,145,2,1,18.0,0,0,150,11.5,0,3,23,12,257,0
145,146,2,1,19.0,1,1,763,36.75,0,3,567,12,641,0
146,147,3,1,27.0,0,0,553,7.797,0,3,21,12,133,1
147,148,3,0,9.0,2,2,924,34.38,0,3,255,9,928,0
148,149,2,1,36.5,0,2,145,26.0,181,3,562,12,800,0
149,150,2,1,42.0,0,0,194,13.0,0,3,113,15,1021,0
150,151,2,1,51.0,0,0,848,12.52,0,3,58,15,924,0
151,152,1,0,22.0,1,0,46,66.6,79,3,622,13,1006,1
152,153,3,1,55.5,0,0,709,8.05,0,3,518,12,59,0
153,154,3,1,40.5,0,2,736,14.5,0,3,873,12,142,0
154,155,3,1,29.88,0,0,786,7.312,0,3,594,12,844,0
155,156,1,1,51.0,0,1,814,61.38,0,1,850,12,196,0
156,157,3,0,16.0,0,0,575,7.734,0,2,285,9,679,1
157,158,3,1,30.0,0,0,896,8.05,0,3,172,12,464,0
158,159,3,1,29.88,0,0,345,8.664,0,3,746,12,803,0
159,160,3,1,29.88,8,2,778,69.56,0,3,700,8,1012,0
160,161,3,1,44.0,0,1,647,16.1,0,3,179,12,609,0
161,162,2,0,40.0,0,0,764,15.75,0,3,830,13,545,1
162,163,3,1,26.0,0,0,445,7.773,0,3,70,12,628,0
163,164,3,1,17.0,0,0,357,8.664,0,3,119,12,648,0
164,165,3,1,1.0,4,1,335,39.7,0,3,609,8,291,0
165,166,3,1,9.0,0,2,583,20.53,0,3,290,8,381,1
166,167,1,0,29.88,0,1,38,55.0,156,3,144,13,5,1
167,168,3,0,45.0,1,4,464,27.9,0,3,739,13,1074,0
168,169,1,1,29.88,0,0,790,25.92,0,3,59,12,603,0
169,170,3,1,28.0,0,0,104,56.5,0,3,456,12,696,0
170,171,1,1,61.0,0,0,8,33.5,26,3,812,12,1120,0
171,172,3,1,4.0,4,1,659,29.12,0,2,664,8,118,0
172,173,3,0,1.0,1,1,477,11.13,0,3,382,9,294,1
173,174,3,1,21.0,0,0,902,7.926,0,3,736,12,113,0
174,175,1,1,56.0,0,0,115,30.7,19,1,747,12,548,0
175,176,3,1,18.0,1,1,564,7.855,0,3,413,12,683,0
176,177,3,1,29.88,3,1,671,25.47,0,3,434,8,486,0
177,178,1,0,50.0,0,0,812,28.72,90,1,365,9,96,0
178,179,2,1,30.0,0,0,225,13.0,0,3,306,12,901,0
179,180,3,1,36.0,0,0,787,0.0,0,3,441,12,717,0
180,181,3,0,29.88,8,2,778,69.56,0,3,700,9,226,0
181,182,2,1,29.88,0,0,858,15.05,0,1,630,12,905,0
182,183,3,1,9.0,4,2,454,31.39,0,3,33,8,219,0
183,184,2,1,1.0,2,1,146,39.0,184,3,66,8,910,1
184,185,3,0,4.0,0,2,365,22.03,0,3,410,9,727,1
185,186,1,1,29.88,0,0,44,50.0,14,3,680,12,517,0
186,187,3,0,29.88,1,0,633,15.5,0,2,582,13,1007,1
187,188,1,1,45.0,0,0,14,26.55,0,3,678,12,204,1
188,189,3,1,40.0,1,1,596,15.5,0,2,91,12,592,0
189,190,3,1,36.0,0,0,530,7.895,0,3,806,12,993,0
190,191,2,0,32.0,0,0,156,13.0,0,3,644,13,18,1
191,192,2,1,19.0,0,0,310,13.0,0,3,126,12,1073,0
192,193,3,0,19.0,1,0,555,7.855,0,3,19,9,181,1
193,194,2,1,3.0,1,1,145,26.0,181,3,562,8,801,1
194,195,1,0,44.0,0,0,826,27.72,39,1,104,13,551,1
195,196,1,0,58.0,0,0,802,146.5,57,1,470,9,301,1
196,197,3,1,29.88,0,0,624,7.75,0,2,519,12,920,0
197,198,3,1,42.0,0,1,677,8.41,0,3,594,12,673,0
198,199,3,0,29.88,0,0,636,7.75,0,2,474,9,746,1
199,200,2,0,24.0,0,0,215,13.0,0,3,864,9,479,0
200,201,3,1,28.0,0,0,423,9.5,0,3,814,12,820,0
201,202,3,1,29.88,8,2,778,69.56,0,3,700,12,390,0
202,203,3,1,34.0,0,0,327,6.496,0,3,379,12,543,0
203,204,3,1,45.5,0,0,236,7.227,0,1,861,12,431,0
204,205,3,1,18.0,0,0,728,8.05,0,3,155,12,444,1
205,206,3,0,2.0,0,1,436,10.46,185,3,774,9,1000,0
206,207,3,1,32.0,1,0,333,15.85,0,3,43,12,665,0
207,208,3,1,26.0,0,0,294,18.78,0,1,10,12,813,1
208,209,3,0,16.0,0,0,613,7.75,0,2,129,9,471,1
209,210,1,1,40.0,0,0,21,31.0,13,1,85,12,481,1
210,211,3,1,24.0,0,0,880,7.05,0,3,14,12,35,0
211,212,2,0,35.0,0,0,781,21.0,0,3,120,9,222,1
212,213,3,1,22.0,0,0,723,7.25,0,3,629,12,610,0
213,214,2,1,30.0,0,0,218,13.0,0,3,286,12,455,0
214,215,3,1,29.88,1,0,611,7.75,0,2,406,12,885,0
215,216,1,0,31.0,1,0,573,113.25,133,1,565,9,732,1
216,217,3,0,27.0,0,0,915,7.926,0,3,351,9,297,1
217,218,2,1,42.0,1,0,189,27.0,0,3,368,12,967,0
218,219,1,0,32.0,0,0,81,76.3,121,1,61,9,46,1
219,220,2,1,30.0,0,0,927,10.5,0,3,317,12,1056,0
220,221,3,1,16.0,0,0,895,8.05,0,3,775,12,1046,1
221,222,2,1,27.0,0,0,136,13.0,0,3,95,12,550,0
222,223,3,1,51.0,0,0,133,8.05,0,3,295,12,419,0
223,224,3,1,29.88,0,0,517,7.895,0,3,563,12,216,0
224,225,1,1,38.0,1,0,121,90.0,114,3,356,12,398,1
225,226,3,1,22.0,0,0,838,9.35,0,3,72,12,670,0
226,227,2,1,19.0,0,0,918,10.5,0,3,517,12,1107,1
227,228,3,1,20.5,0,0,722,7.25,0,3,465,12,608,0
228,229,2,1,18.0,0,0,160,13.0,0,3,243,12,117,0
229,230,3,0,29.88,3,1,671,25.47,0,3,434,9,784,0
230,231,1,0,35.0,1,0,630,83.5,106,3,317,13,484,1
231,232,3,1,29.0,0,0,444,7.773,0,3,429,12,147,0
232,233,2,1,59.0,0,0,167,13.5,0,3,738,12,344,0
233,234,3,0,5.0,4,2,454,31.39,0,3,33,9,714,1
234,235,2,1,24.0,0,0,756,10.5,0,3,446,12,925,0
235,236,3,0,29.88,0,0,925,7.55,0,3,313,9,77,0
236,237,2,1,44.0,1,0,265,26.0,0,3,346,12,988,0
237,238,2,0,8.0,0,2,761,26.25,0,3,162,9,770,1
238,239,2,1,19.0,0,0,314,10.5,0,3,628,12,402,0
239,240,2,1,33.0,0,0,870,12.27,0,3,358,12,419,0
240,241,3,0,29.88,1,0,259,14.45,0,1,865,9,1001,0
241,242,3,0,29.88,1,0,612,15.5,0,2,550,9,678,1
242,243,2,1,29.0,0,0,921,10.5,0,3,158,12,902,0
243,244,3,1,22.0,0,0,901,7.125,0,3,477,12,788,0
244,245,3,1,30.0,0,0,289,7.227,0,1,38,12,977,0
245,246,1,1,44.0,2,0,120,90.0,103,2,525,4,1094,0
246,247,3,0,25.0,0,0,448,7.773,0,3,448,9,33,0
247,248,2,0,24.0,0,2,221,14.5,0,3,307,13,1076,1
248,249,1,1,37.0,1,1,70,52.56,132,3,67,12,915,1
249,250,2,1,54.0,1,0,191,26.0,0,3,131,15,337,0
250,251,3,1,29.88,0,0,581,7.25,0,3,656,12,549,0
251,252,3,0,29.0,1,1,436,10.46,185,3,774,13,1072,0
252,253,1,1,62.0,0,0,41,26.55,109,3,762,12,1114,0
253,254,3,1,30.0,1,0,734,16.1,0,3,459,12,1084,0
254,255,3,0,41.0,0,2,632,20.22,0,3,681,13,1050,0
255,256,3,0,29.0,0,2,244,15.24,0,1,801,13,236,1
256,257,1,0,29.88,0,0,806,79.2,0,1,790,13,433,1
257,258,1,0,30.0,0,0,0,86.5,54,3,142,9,436,1
258,259,1,0,35.0,0,0,831,512.5,0,1,826,9,97,1
259,260,2,0,50.0,0,1,147,26.0,0,3,613,13,13,1
260,261,3,1,29.88,0,0,664,7.75,0,2,747,12,1004,0
261,262,3,1,3.0,4,2,454,31.39,0,3,33,8,266,1
262,263,1,1,52.0,1,1,1,79.6,171,3,783,12,317,0
263,264,1,1,40.0,0,0,20,0.0,60,3,318,12,1073,0
264,265,3,0,29.88,0,0,656,7.75,0,2,334,9,240,0
265,266,2,1,36.0,0,0,748,10.5,0,3,657,12,237,0
266,267,3,1,16.0,4,1,335,39.7,0,3,609,12,343,0
267,268,3,1,25.0,1,0,460,7.773,0,3,632,12,349,1
268,269,1,0,58.0,0,1,805,153.5,73,3,294,13,1116,1
269,270,1,0,35.0,0,0,836,135.6,117,3,81,9,83,1
270,271,1,1,29.88,0,0,62,31.0,0,3,116,12,48,0
271,272,3,1,25.0,0,0,787,0.0,0,3,799,12,1102,1
272,273,2,0,41.0,0,1,217,19.5,0,3,516,13,6,1
273,274,1,1,37.0,0,1,813,29.7,70,1,560,12,203,0
274,275,3,0,29.88,0,0,641,7.75,0,2,325,9,453,1
275,276,1,0,63.0,1,0,92,77.94,146,3,24,9,686,1
276,277,3,0,45.0,0,0,450,7.75,0,3,449,9,138,0
277,278,2,1,29.88,0,0,178,0.0,0,3,611,12,372,0
278,279,3,1,7.0,4,1,659,29.12,0,2,664,8,330,0
279,280,3,0,35.0,1,1,753,20.25,0,3,1,13,985,1
280,281,3,1,65.0,0,0,399,7.75,0,2,223,12,376,0
281,282,3,1,28.0,0,0,469,7.855,0,3,595,12,832,0
282,283,3,1,16.0,0,0,429,9.5,0,3,871,12,58,0
283,284,3,1,19.0,0,0,731,8.05,0,3,215,12,271,1
284,285,1,1,29.88,0,0,34,26.0,6,3,747,12,918,0
285,286,3,1,33.0,0,0,522,8.664,0,1,759,12,535,0
286,287,3,1,30.0,0,0,426,9.5,0,3,870,12,1003,1
287,288,3,1,22.0,0,0,489,7.895,0,3,553,12,867,0
288,289,2,1,42.0,0,0,176,13.0,0,3,354,12,782,1
289,290,3,0,22.0,0,0,639,7.75,0,2,166,9,675,1
290,291,1,0,26.0,0,0,118,78.9,0,3,54,9,309,1
291,292,1,0,19.0,1,0,82,91.06,43,1,80,13,245,1
292,293,2,1,36.0,0,0,869,12.875,118,1,444,12,907,0
293,294,3,0,24.0,0,0,519,8.85,0,3,302,9,80,0
294,295,3,1,24.0,0,0,516,7.895,0,3,526,12,535,0
295,296,1,1,29.88,0,0,828,27.72,0,1,445,12,351,0
296,297,3,1,23.5,0,0,288,7.23,0,1,309,12,739,0
297,298,1,0,2.0,1,2,49,151.5,80,3,16,9,473,0
298,299,1,1,29.88,0,0,126,30.5,66,3,696,12,32,1
299,300,1,0,50.0,0,1,800,247.5,49,1,60,13,547,1
300,301,3,0,29.88,0,0,704,7.75,0,2,401,9,99,1
301,302,3,1,29.88,2,0,608,23.25,0,2,502,12,154,1
302,303,3,1,19.0,0,0,787,0.0,0,3,382,12,1092,0
303,304,2,0,29.88,0,0,141,12.35,149,2,398,9,836,1
304,305,3,1,29.88,0,0,725,8.05,0,3,850,12,512,0
305,306,1,1,0.92,1,2,49,151.5,80,3,16,8,515,1
306,307,1,0,29.88,0,0,107,110.9,0,1,251,9,745,1
307,308,1,0,17.0,1,0,834,108.9,99,1,627,13,1048,1
308,309,2,1,30.0,1,0,789,24.0,0,1,3,12,940,0
309,310,1,0,30.0,0,0,798,56.94,158,1,259,9,693,1
310,311,1,0,24.0,0,0,75,83.2,95,1,323,9,747,1
311,312,1,0,18.0,2,2,824,262.5,48,1,693,9,324,1
312,313,2,0,26.0,1,1,223,26.0,0,3,420,13,1075,0
313,314,3,1,28.0,0,0,526,7.895,0,3,332,12,524,0
314,315,2,1,43.0,1,1,782,26.25,0,3,319,12,148,0
315,316,3,0,26.0,0,0,475,7.855,0,3,572,9,478,1
316,317,2,0,24.0,1,0,199,26.0,0,3,391,13,976,1
317,318,2,1,54.0,0,0,316,14.0,0,3,539,4,335,0
318,319,1,0,31.0,0,2,626,164.9,101,3,841,9,781,1
319,320,1,0,40.0,1,1,105,134.5,157,1,754,13,389,1
320,321,3,1,22.0,0,0,721,7.25,0,3,204,12,940,0
321,322,3,1,27.0,0,0,502,7.895,0,3,192,12,1122,0
322,323,2,0,30.0,0,0,158,12.35,0,2,741,9,505,1
323,324,2,0,22.0,1,1,211,29.0,0,3,118,13,43,1
324,325,3,1,29.88,8,2,778,69.56,0,3,700,12,421,0
325,326,1,0,36.0,0,0,836,135.6,85,1,860,9,761,1
326,327,3,1,61.0,0,0,413,6.24,0,3,581,12,581,0
327,328,2,0,36.0,0,0,312,13.0,118,3,50,13,0,1
328,329,3,0,31.0,1,1,583,20.53,0,3,290,13,380,1
329,330,1,0,16.0,0,1,10,57.97,25,1,341,9,563,1
330,331,3,0,29.88,2,0,608,23.25,0,2,502,9,34,1
331,332,1,1,45.5,0,0,28,28.5,72,3,614,12,141,0
332,333,1,1,38.0,0,1,805,153.5,112,3,294,12,416,0
333,334,3,1,16.0,2,0,418,18.0,0,3,817,12,700,0
334,335,1,0,29.88,1,0,827,133.6,0,3,261,13,498,1
335,336,3,1,29.88,0,0,508,7.895,0,3,203,12,808,0
336,337,1,1,29.0,1,0,46,66.6,79,3,622,12,1009,0
337,338,1,0,41.0,0,0,105,134.5,161,1,109,9,305,1
338,339,3,1,45.0,0,0,699,8.05,0,3,185,12,667,1
339,340,1,1,45.0,0,0,51,35.5,186,3,84,12,991,0
340,341,2,1,2.0,1,1,145,26.0,181,3,562,8,261,1
341,342,1,0,24.0,3,2,123,263.0,81,3,257,9,75,1
342,343,2,1,28.0,0,0,212,13.0,0,3,159,12,332,0
343,344,2,1,25.0,0,0,198,13.0,0,3,715,12,202,0
344,345,2,1,36.0,0,0,144,13.0,0,3,258,12,984,0
345,346,2,0,24.0,0,0,209,13.0,182,3,104,9,84,1
346,347,2,0,40.0,0,0,344,13.0,0,3,747,9,766,1
347,348,3,0,29.88,1,0,665,16.1,0,3,197,13,1013,1
348,349,3,1,3.0,1,1,769,15.9,0,3,175,8,1110,1
349,350,3,1,42.0,0,0,352,8.664,0,3,209,12,647,0
350,351,3,1,23.0,0,0,690,9.23,0,3,591,12,833,0
351,352,1,1,29.88,0,0,40,35.0,75,3,851,12,368,0
352,353,3,1,15.0,1,1,290,7.23,0,1,234,12,999,0
353,354,3,1,25.0,1,0,520,17.8,0,3,28,12,633,0
354,355,3,1,29.88,0,0,241,7.227,0,1,862,12,1069,0
355,356,3,1,28.0,0,0,433,9.5,0,3,815,12,701,0
356,357,1,0,22.0,0,1,38,55.0,156,3,94,9,316,1
357,358,2,0,38.0,0,0,171,13.0,0,3,266,9,104,0
358,359,3,0,29.88,0,0,381,7.88,0,2,508,9,777,1
359,360,3,0,29.88,0,0,391,7.88,0,2,532,9,474,1
360,361,3,1,40.0,1,4,464,27.9,0,3,739,12,1071,0
361,362,2,1,29.0,1,0,866,27.72,0,1,872,12,956,0
362,363,3,0,45.0,0,1,286,14.45,0,1,53,13,4,0
363,364,3,1,35.0,0,0,879,7.05,0,3,32,12,28,0
364,365,3,1,29.88,1,0,633,15.5,0,2,582,12,1004,0
365,366,3,1,30.0,0,0,745,7.25,0,3,6,12,792,0
366,367,1,0,60.0,1,0,6,75.25,134,1,828,13,383,1
367,368,3,0,29.88,0,0,234,7.23,0,1,544,13,14,1
368,369,3,0,29.88,0,0,102,7.75,0,2,376,9,103,1
369,370,1,0,24.0,0,0,795,69.3,34,1,39,11,706,1
370,371,1,1,25.0,1,0,74,55.44,166,1,312,12,408,1
371,372,3,1,18.0,1,0,330,6.496,0,3,844,12,543,0
372,373,3,1,19.0,0,0,369,8.05,0,3,65,12,1114,0
373,374,1,1,22.0,0,0,836,135.6,0,1,669,12,950,0
374,375,3,0,3.0,3,1,541,21.08,0,3,608,9,992,0
375,376,1,0,29.88,1,0,820,82.2,0,1,520,13,256,1
376,377,3,0,22.0,0,0,746,7.25,0,3,425,9,140,1
377,378,1,1,27.0,0,2,37,211.5,105,1,843,12,466,0
378,379,3,1,20.0,0,0,242,4.01,0,1,74,12,999,0
379,380,3,1,19.0,0,0,446,7.773,0,3,301,12,668,0
380,381,1,0,42.0,0,0,833,227.5,0,1,75,9,931,1
381,382,3,0,1.0,0,2,247,15.74,0,1,555,9,757,1
382,383,3,1,32.0,0,0,909,7.926,0,3,792,12,653,0
383,384,1,0,35.0,1,0,55,52.0,0,3,349,13,55,1
384,385,3,1,29.88,0,0,510,7.895,0,3,645,12,1042,0
385,386,2,1,18.0,0,0,847,73.5,0,3,195,12,205,0
386,387,3,1,1.0,5,2,775,46.9,0,3,292,8,966,0
387,388,2,0,36.0,0,0,298,13.0,0,3,110,9,675,1
388,389,3,1,29.88,0,0,615,7.73,0,2,697,12,786,0
389,390,2,0,17.0,0,0,852,12.0,0,1,435,9,157,1
390,391,1,1,36.0,1,2,43,120.0,61,3,131,12,1096,1
391,392,3,1,21.0,0,0,549,7.797,0,3,370,12,176,1
392,393,3,1,28.0,2,0,332,7.926,0,3,301,12,577,0
393,394,1,0,23.0,1,0,573,113.25,133,1,565,9,769,1
394,395,3,0,24.0,0,2,839,16.7,185,3,707,13,508,1
395,396,3,1,22.0,0,0,559,7.797,0,3,380,12,331,0
396,397,3,0,31.0,0,0,567,7.855,0,3,595,9,299,0
397,398,2,1,46.0,0,0,308,26.0,0,3,510,12,879,0
398,399,2,1,23.0,0,0,193,10.5,0,3,606,4,60,0
399,400,2,0,28.0,0,0,186,12.65,0,3,803,13,1101,1
400,401,3,1,39.0,0,0,906,7.926,0,3,574,12,650,1
401,402,3,1,26.0,0,0,402,8.05,0,3,7,12,592,0
402,403,3,0,21.0,1,0,675,9.83,0,3,388,9,755,0
403,404,3,1,28.0,1,0,913,15.85,0,3,305,12,865,0
404,405,3,0,20.0,0,0,360,8.664,0,3,598,9,762,0
405,406,2,1,34.0,1,0,313,21.0,0,3,269,12,962,0
406,407,3,1,51.0,0,0,441,7.75,0,3,842,12,180,0
407,408,2,1,3.0,1,1,321,18.75,0,3,666,8,1113,1
408,409,3,1,21.0,0,0,342,7.773,0,3,78,12,457,0
409,410,3,0,29.88,3,1,671,25.47,0,3,434,9,520,0
410,411,3,1,29.88,0,0,505,7.895,0,3,714,12,1033,0
411,412,3,1,29.88,0,0,670,6.86,0,2,319,12,481,0
412,413,1,0,33.0,1,0,120,90.0,103,2,525,9,230,1
413,414,2,1,29.88,0,0,178,0.0,0,3,183,12,65,0
414,415,3,1,44.0,0,0,898,7.926,0,3,776,12,583,1
415,416,3,0,29.88,0,0,408,8.05,0,3,515,13,1005,0
416,417,2,0,34.0,1,1,305,32.5,0,3,222,13,555,1
417,418,2,0,18.0,0,2,224,13.0,0,3,726,9,729,1
418,419,2,1,30.0,0,0,307,13.0,0,3,496,12,1107,0
419,420,3,0,10.0,0,2,425,24.16,0,3,811,9,184,0
420,421,3,1,29.88,0,0,537,7.895,0,1,277,12,981,0
421,422,3,1,21.0,0,0,732,7.734,0,2,140,12,237,0
422,423,3,1,29.0,0,0,346,7.875,0,3,867,12,698,0
423,424,3,0,28.0,1,1,457,14.4,0,3,189,13,347,0
424,425,3,1,18.0,1,1,632,20.22,0,3,681,12,1051,0
425,426,3,1,29.88,0,0,717,7.25,0,3,855,12,889,0
426,427,2,0,28.0,1,0,128,26.0,0,3,151,13,212,1
427,428,2,0,19.0,0,0,226,26.0,0,3,642,9,676,1
428,429,3,1,29.88,0,0,598,7.75,0,2,252,12,544,0
429,430,3,1,32.0,0,0,884,8.05,148,3,643,12,153,1
430,431,1,1,28.0,0,0,5,26.55,93,3,83,12,791,1
431,432,3,0,29.88,1,0,654,16.1,0,3,791,13,869,1
432,433,2,0,42.0,1,0,856,26.0,0,3,464,13,193,1
433,434,3,1,17.0,0,0,900,7.125,0,3,389,12,826,0
434,435,1,1,50.0,1,0,93,55.9,162,3,728,12,1089,0
435,436,1,0,14.0,1,2,43,120.0,61,3,131,9,724,1
436,437,3,0,21.0,2,2,924,34.38,0,3,255,9,247,0
437,438,2,0,24.0,2,3,321,18.75,0,3,666,13,964,1
438,439,1,1,64.0,1,4,123,263.0,81,3,257,12,771,0
439,440,2,1,31.0,0,0,749,10.5,0,3,418,12,582,0
440,441,2,0,45.0,1,1,782,26.25,0,3,319,13,151,1
441,442,3,1,20.0,0,0,422,9.5,0,3,308,12,702,0
442,443,3,1,25.0,1,0,453,7.773,0,3,639,12,580,0
443,444,2,0,28.0,0,0,148,13.0,0,3,661,14,327,1
444,445,3,1,29.88,0,0,683,8.11,0,3,378,12,155,1
445,446,1,1,4.0,0,2,398,81.9,15,3,211,8,1066,1
446,447,2,0,13.0,0,1,217,19.5,0,3,516,9,733,1
447,448,1,1,34.0,0,0,59,26.55,0,3,717,12,387,1
448,449,3,0,5.0,2,1,260,19.27,0,1,44,9,760,1
449,450,1,1,52.0,0,0,52,30.5,64,3,641,7,120,1
450,451,2,1,36.0,1,2,768,27.75,0,3,836,12,287,0
451,452,3,1,29.88,1,0,680,19.97,0,3,304,12,529,0
452,453,1,1,30.0,0,0,31,27.75,68,1,256,12,152,0
453,454,1,1,49.0,1,0,108,89.1,113,1,288,12,947,1
454,455,3,1,29.88,0,0,726,8.05,0,3,624,12,635,0
455,456,3,1,29.0,0,0,523,7.895,0,1,369,12,535,1
456,457,1,1,65.0,0,0,95,26.55,159,3,523,12,373,0
457,458,1,0,29.88,1,0,110,51.88,125,3,404,13,401,1
458,459,2,0,50.0,0,0,783,10.5,0,3,796,9,308,1
459,460,3,1,29.88,0,0,644,7.75,0,2,584,12,790,0
460,461,1,1,48.0,0,0,124,26.55,150,3,20,12,464,1
461,462,3,1,34.0,0,0,590,8.05,0,3,540,12,1073,0
462,463,1,1,47.0,0,0,9,38.5,170,3,275,12,122,0
463,464,2,1,48.0,0,0,155,13.0,0,3,524,12,539,0
464,465,3,1,29.88,0,0,737,8.05,0,3,481,12,972,0
465,466,3,1,38.0,0,0,875,7.05,0,3,291,12,742,0
466,467,2,1,29.88,0,0,178,0.0,0,3,121,12,1073,0
467,468,1,1,56.0,0,0,58,26.55,0,3,745,12,619,0
468,469,3,1,29.88,0,0,580,7.727,0,2,711,12,544,0
469,470,3,0,0.75,2,1,260,19.27,0,1,44,9,476,1
470,471,3,1,29.88,0,0,368,7.25,0,3,399,12,118,0
471,472,3,1,38.0,0,0,353,8.664,0,3,115,12,728,0
472,473,2,0,33.0,1,2,768,27.75,0,3,836,13,288,1
473,474,2,0,23.0,0,0,857,13.79,118,1,377,13,87,1
474,475,3,0,22.0,0,0,698,9.836,0,3,770,9,523,0
475,476,1,1,29.88,0,0,2,52.0,3,3,153,12,424,0
476,477,2,1,34.0,1,0,339,21.0,0,3,659,12,881,0
477,478,3,1,29.0,1,0,434,7.047,0,3,100,12,711,0
478,479,3,1,22.0,0,0,562,7.52,0,3,393,12,830,0
479,480,3,0,2.0,0,1,338,12.29,0,3,342,9,506,1
480,481,3,1,9.0,5,2,775,46.9,0,3,292,8,462,0
481,482,2,1,29.88,0,0,179,0.0,0,3,264,12,107,0
482,483,3,1,50.0,0,0,729,8.05,0,3,688,12,913,0
483,484,3,0,63.0,0,0,672,9.586,0,3,808,13,8,1
484,485,1,1,25.0,1,0,82,91.06,43,1,80,12,244,1
485,486,3,0,29.88,3,1,671,25.47,0,3,434,9,565,0
486,487,1,0,35.0,1,0,121,90.0,114,3,356,13,399,1
487,488,1,1,58.0,0,0,78,29.7,36,1,403,12,272,0
488,489,3,1,30.0,0,0,710,8.05,0,3,752,12,374,0
489,490,3,1,9.0,1,1,769,15.9,0,3,175,8,253,1
490,491,3,1,29.88,1,0,681,19.97,0,3,304,12,685,0
491,492,3,1,21.0,0,0,890,7.25,0,3,853,12,289,0
492,493,1,1,55.0,0,0,53,30.5,83,3,534,12,467,0
493,494,1,1,71.0,0,0,825,49.5,0,1,30,12,899,0
494,495,3,1,21.0,0,0,713,8.05,0,3,760,12,279,0
495,496,3,1,29.88,0,0,235,14.46,0,1,863,12,431,0
496,497,1,0,54.0,1,0,627,78.25,124,1,240,9,306,1
497,498,3,1,29.88,0,0,773,15.1,0,3,721,12,402,0
498,499,1,0,25.0,1,2,49,151.5,80,3,16,13,513,0
499,500,3,1,24.0,0,0,550,7.797,0,3,779,12,846,0
500,501,3,1,17.0,0,0,350,8.664,0,3,119,12,876,0
501,502,3,0,21.0,0,0,594,7.75,0,2,122,9,777,0
502,503,3,0,29.88,0,0,374,7.63,0,2,590,9,170,0
503,504,3,0,37.0,0,0,673,9.586,0,3,421,9,687,0
504,505,1,0,16.0,0,0,0,86.5,56,3,480,9,927,1
505,506,1,1,18.0,1,0,834,108.9,99,1,627,12,1047,0
506,507,2,0,33.0,0,2,239,26.0,0,3,652,13,393,1
507,508,1,1,29.88,0,0,13,26.55,0,3,96,12,405,1
508,509,3,1,28.0,0,0,743,22.53,0,3,594,12,491,0
509,510,3,1,26.0,0,0,104,56.5,0,3,427,12,362,1
510,511,3,1,29.0,0,0,658,7.75,0,2,188,12,357,1
511,512,3,1,29.88,0,0,889,8.05,0,3,831,12,544,0
512,513,1,1,36.0,0,0,791,26.28,154,3,507,12,553,1
513,514,1,0,54.0,1,0,819,59.4,0,1,687,13,776,1
514,515,3,1,24.0,0,0,492,7.496,0,3,157,12,955,0
515,516,1,1,47.0,0,0,629,34.03,139,3,825,12,1083,0
516,517,2,0,34.0,0,0,766,10.5,182,3,439,13,2,1
517,518,3,1,29.88,0,0,646,24.16,0,2,692,12,857,0
518,519,2,0,36.0,1,0,142,26.0,0,3,26,13,1081,1
519,520,3,1,32.0,0,0,525,7.895,0,3,618,12,986,0
520,521,1,0,30.0,0,0,86,93.5,53,3,631,9,102,1
521,522,3,1,22.0,0,0,535,7.895,0,3,822,12,560,0
522,523,3,1,29.88,0,0,232,7.227,0,1,419,12,954,0
523,524,1,0,44.0,0,1,10,57.97,25,1,341,13,720,1
524,525,3,1,29.88,0,0,295,7.23,0,1,396,12,363,0
525,526,3,1,40.5,0,0,614,7.75,0,2,244,12,544,0
526,527,2,0,50.0,0,0,919,10.5,0,3,667,9,725,1
527,528,1,1,29.88,0,0,797,221.8,115,3,245,12,592,0
528,529,3,1,39.0,0,0,336,7.926,0,3,705,12,587,0
529,530,2,1,23.0,2,1,319,11.5,0,3,343,12,912,0
530,531,2,0,2.0,1,1,239,26.0,0,3,652,9,890,1
531,532,3,1,29.88,0,0,240,7.23,0,1,800,12,812,0
532,533,3,1,17.0,1,1,285,7.23,0,1,234,12,644,0
533,534,3,0,29.88,0,2,262,22.36,0,1,634,13,185,1
534,535,3,0,30.0,0,0,348,8.664,0,3,115,9,762,0
535,536,2,0,7.0,0,2,782,26.25,0,3,319,9,359,1
536,537,1,1,45.0,0,0,30,26.55,37,3,112,7,116,0
537,538,1,0,30.0,0,0,837,106.44,0,1,431,9,157,1
538,539,3,1,29.88,0,0,587,14.5,0,3,672,12,944,0
539,540,1,0,22.0,0,2,97,49.5,38,1,262,9,470,1
540,541,1,0,36.0,0,2,928,71.0,28,3,180,9,463,1
541,542,3,0,9.0,4,2,459,31.28,0,3,21,9,528,0
542,543,3,0,11.0,4,2,459,31.28,0,3,21,9,969,0
543,544,2,1,32.0,1,0,317,26.0,0,3,62,12,267,1
544,545,1,1,50.0,1,0,837,106.44,108,1,216,12,1059,0
545,546,1,1,64.0,0,0,686,26.0,0,3,568,12,119,0
546,547,2,0,19.0,1,0,317,26.0,0,3,62,13,268,1
547,548,2,1,29.88,0,0,860,13.86,0,1,605,12,655,1
548,549,3,1,33.0,1,1,583,20.53,0,3,290,12,379,0
549,550,2,1,8.0,1,1,763,36.75,0,3,195,8,621,1
550,551,1,1,17.0,0,2,107,110.9,102,1,786,12,599,1
551,552,2,1,27.0,0,0,196,26.0,0,3,718,12,870,0
552,553,3,1,29.88,0,0,390,7.83,0,2,582,12,1031,0
553,554,3,1,22.0,0,0,228,7.227,0,1,433,12,361,1
554,555,3,0,22.0,0,0,461,7.773,0,3,592,9,1044,1
555,556,1,1,62.0,0,0,68,26.55,0,3,858,12,404,0
556,557,1,0,48.0,1,0,73,39.6,4,1,224,6,12,1
557,558,1,1,29.88,0,0,833,227.5,0,1,673,12,1045,0
558,559,1,0,39.0,1,1,1,79.6,171,3,783,13,318,1
559,560,3,0,36.0,1,0,416,17.4,0,3,869,13,442,1
560,561,3,1,29.88,0,0,648,7.75,0,2,541,12,1022,0
561,562,3,1,40.0,0,0,534,7.895,0,3,735,12,519,0
562,563,2,1,28.0,0,0,134,13.5,0,3,575,12,922,0
563,564,3,1,29.88,0,0,892,8.05,0,3,729,12,592,0
564,565,3,0,29.88,0,0,885,8.05,0,3,514,9,15,0
565,566,3,1,24.0,2,0,714,24.16,0,3,195,12,68,0
566,567,3,1,19.0,0,0,488,7.895,0,3,769,12,526,0
567,568,3,0,29.0,0,4,541,21.08,0,3,608,13,829,0
568,569,3,1,29.88,0,0,281,7.23,0,1,212,12,999,0
569,570,3,1,32.0,0,0,572,7.855,0,3,386,12,173,1
570,571,2,1,62.0,0,0,850,10.5,0,3,317,12,404,1
571,572,1,0,53.0,2,0,76,51.47,62,3,27,13,273,1
572,573,1,1,36.0,0,0,792,26.39,154,3,252,12,613,1
573,574,3,0,29.88,0,0,101,7.75,0,2,401,9,777,1
574,575,3,1,16.0,0,0,716,8.05,0,3,691,12,67,0
575,576,3,1,19.0,0,0,577,14.5,0,3,616,12,404,0
576,577,2,0,34.0,0,0,190,13.0,0,3,272,9,353,1
577,578,1,0,39.0,1,0,93,55.9,162,3,728,13,1090,1
578,579,3,0,29.88,1,0,284,14.46,0,1,125,13,637,0
579,580,3,1,32.0,0,0,904,7.926,0,3,388,12,293,1
580,581,2,0,25.0,1,1,175,30.0,0,3,148,9,656,1
581,582,1,0,39.0,1,1,107,110.9,100,1,786,13,598,1
582,583,2,1,54.0,0,0,308,26.0,0,3,218,12,1105,0
583,584,1,1,36.0,0,0,87,40.12,1,1,684,12,612,0
584,585,3,1,29.88,0,0,401,8.71,0,1,617,12,1040,0
585,586,1,0,18.0,0,2,1,79.6,172,3,783,9,933,1
586,587,2,1,47.0,0,0,168,15.0,0,3,372,12,604,0
587,588,1,1,60.0,1,1,96,79.2,40,1,263,12,794,1
588,589,3,1,22.0,0,0,103,8.05,0,3,282,12,296,0
589,590,3,1,29.88,0,0,707,8.05,0,3,549,12,635,0
590,591,3,1,35.0,0,0,899,7.125,0,3,670,12,787,0
591,592,1,0,52.0,1,0,627,78.25,124,1,764,13,1057,1
592,593,3,1,47.0,0,0,730,7.25,0,3,235,12,1105,0
593,594,3,0,29.88,0,2,595,7.75,0,2,91,9,777,0
594,595,2,1,37.0,1,0,855,26.0,0,3,139,12,610,0
595,596,3,1,36.0,1,1,425,24.16,0,3,811,12,561,0
596,597,2,0,29.88,0,0,207,33.0,0,3,437,9,573,1
597,598,3,1,49.0,0,0,787,0.0,0,3,382,12,60,0
598,599,3,1,29.88,0,0,258,7.227,0,1,90,12,450,0
599,600,1,1,49.0,1,0,798,56.94,7,1,224,16,228,1
600,601,2,0,24.0,2,1,189,27.0,0,3,368,13,968,1
601,602,3,1,29.88,0,0,497,7.895,0,3,740,12,877,0
602,603,1,1,29.88,0,0,61,42.4,0,3,316,12,203,0
603,604,3,1,44.0,0,0,591,8.05,0,3,797,12,350,0
604,605,1,1,35.0,0,0,12,26.55,0,1,350,12,465,1
605,606,3,1,36.0,1,0,542,15.55,0,3,451,12,264,0
606,607,3,1,30.0,0,0,529,7.895,0,3,392,12,802,0
607,608,1,1,27.0,0,0,66,30.5,0,3,190,12,926,1
608,609,2,0,22.0,1,2,868,41.6,0,1,428,13,636,1
609,610,1,0,40.0,0,0,805,153.5,73,3,725,9,307,1
610,611,3,0,39.0,1,5,459,31.28,0,3,21,13,90,0
611,612,3,1,29.88,0,0,874,7.05,0,3,371,12,631,0
612,613,3,0,29.88,1,0,612,15.5,0,2,550,9,750,1
613,614,3,1,29.88,0,0,643,7.75,0,2,353,12,592,0
614,615,3,1,35.0,0,0,592,8.05,0,3,103,12,1082,0
615,616,2,0,24.0,1,2,138,65.0,0,3,335,9,73,1
616,617,3,1,34.0,1,1,457,14.4,0,3,189,12,346,0
617,618,3,0,26.0,1,0,734,16.1,0,3,459,13,1085,0
618,619,2,0,4.0,2,1,146,39.0,184,3,66,9,767,1
619,620,2,1,26.0,0,0,340,10.5,0,3,274,12,694,0
620,621,3,1,27.0,1,0,253,14.45,0,1,859,12,110,0
621,622,1,1,42.0,1,0,72,52.56,123,3,408,12,284,1
622,623,3,1,20.0,1,1,247,15.74,0,1,555,12,935,1
623,624,3,1,21.0,0,0,547,7.855,0,3,310,12,485,0
624,625,3,1,21.0,0,0,678,16.1,0,3,92,12,239,0
625,626,1,1,61.0,0,0,628,32.3,143,3,778,12,390,0
626,627,2,1,57.0,0,0,135,12.35,0,2,411,15,207,0
627,628,1,0,21.0,0,0,92,77.94,147,3,462,9,439,1
628,629,3,1,26.0,0,0,507,7.895,0,3,88,12,440,0
629,630,3,1,29.88,0,0,392,7.734,0,2,583,12,858,0
630,631,1,1,80.0,0,0,296,30.0,9,3,55,12,71,1
631,632,3,1,51.0,0,0,478,7.055,0,3,467,12,586,0
632,633,1,1,32.0,0,0,90,30.5,45,1,757,4,793,1
633,634,1,1,29.88,0,0,17,0.0,0,3,612,12,1103,0
634,635,3,0,9.0,3,2,464,27.9,0,3,739,9,730,0
635,636,2,0,28.0,0,0,169,13.0,0,3,196,9,777,1
636,637,3,1,32.0,0,0,908,7.926,0,3,436,12,112,0
637,638,2,1,31.0,1,1,761,26.25,0,3,162,12,468,0
638,639,3,0,41.0,0,5,335,39.7,0,3,609,13,651,0
639,640,3,1,29.88,1,0,654,16.1,0,3,791,12,868,0
640,641,3,1,20.0,0,0,558,7.855,0,3,375,12,458,0
641,642,1,0,24.0,0,0,795,69.3,34,1,701,10,326,1
642,643,3,0,2.0,3,2,464,27.9,0,3,739,9,753,0
643,644,3,1,29.88,0,0,104,56.5,0,3,254,12,215,1
644,645,3,0,0.75,2,1,260,19.27,0,1,44,9,358,1
645,646,1,1,48.0,1,0,803,76.75,130,1,315,12,495,1
646,647,3,1,19.0,0,0,514,7.895,0,3,169,12,718,0
647,648,1,1,56.0,0,0,89,35.5,11,1,730,1,840,1
648,649,3,1,29.88,0,0,845,7.55,0,3,849,12,267,0
649,650,3,0,23.0,0,0,777,7.55,0,3,760,9,88,1
650,651,3,1,29.88,0,0,504,7.895,0,3,530,12,807,0
651,652,2,0,18.0,0,1,149,23.0,0,3,213,9,315,1
652,653,3,1,21.0,0,0,702,8.43,0,3,390,12,590,0
653,654,3,0,29.88,0,0,377,7.83,0,2,589,9,454,1
654,655,3,0,18.0,0,0,603,6.75,0,2,328,9,453,0
655,656,2,1,24.0,2,0,847,73.5,0,3,337,12,705,0
656,657,3,1,29.88,0,0,506,7.895,0,3,653,12,48,0
657,658,3,0,32.0,1,1,596,15.5,0,2,91,13,594,0
658,659,2,1,23.0,0,0,326,13.0,0,3,231,12,417,0
659,660,1,1,58.0,0,2,573,113.25,141,1,565,12,127,0
660,661,1,1,50.0,2,0,827,133.6,0,3,261,4,497,1
661,662,3,1,40.0,0,0,231,7.227,0,1,46,12,809,0
662,663,1,1,47.0,0,0,679,25.6,168,3,161,12,278,0
663,664,3,1,36.0,0,0,493,7.496,0,3,157,12,864,0
664,665,3,1,20.0,1,0,903,7.926,0,3,452,12,292,1
665,666,2,1,32.0,2,0,847,73.5,0,3,337,12,710,0
666,667,2,1,25.0,0,0,157,13.0,0,3,111,12,903,0
667,668,3,1,29.88,0,0,343,7.773,0,3,679,12,684,0
668,669,3,1,43.0,0,0,727,8.05,0,3,168,12,538,0
669,670,1,0,29.88,1,0,127,52.0,74,3,784,13,314,1
670,671,2,0,40.0,1,1,325,39.0,0,3,104,13,1024,1
671,672,1,1,31.0,1,0,779,52.0,52,3,194,12,1027,0
672,673,2,1,70.0,0,0,752,10.5,0,3,529,12,492,0
673,674,2,1,31.0,0,0,192,13.0,0,3,845,12,190,1
674,675,2,1,29.88,0,0,181,0.0,0,3,829,12,329,0
675,676,3,1,18.0,0,0,544,7.773,0,3,230,12,445,0
676,677,3,1,24.5,0,0,407,8.05,0,3,710,12,392,0
677,678,3,0,18.0,0,0,676,9.84,0,3,807,9,101,1
678,679,3,0,43.0,1,6,775,46.9,0,3,292,13,391,0
679,680,1,1,36.0,0,1,831,512.5,46,1,127,12,1010,1
680,681,3,0,29.88,0,0,383,8.14,0,2,635,9,680,0
681,682,1,1,27.0,0,0,803,76.75,142,1,320,12,449,1
682,683,3,1,20.0,0,0,684,9.23,0,3,596,12,1026,0
683,684,3,1,14.0,5,2,775,46.9,0,3,292,12,197,0
684,685,2,1,60.0,1,1,325,39.0,0,3,104,12,1023,0
685,686,2,1,25.0,1,2,868,41.6,0,1,428,12,646,0
686,687,3,1,14.0,4,1,335,39.7,0,3,609,12,537,0
687,688,3,1,19.0,0,0,511,10.17,0,3,187,12,167,0
688,689,3,1,18.0,0,0,551,7.797,0,3,249,12,252,0
689,690,1,0,15.0,0,1,187,211.4,44,3,475,9,428,1
690,691,1,1,31.0,1,0,113,57.0,27,3,207,12,40,1
691,692,3,0,4.0,0,1,539,13.414,0,1,395,9,736,1
692,693,3,1,29.88,0,0,104,56.5,0,3,423,12,72,1
693,694,3,1,25.0,0,0,267,7.227,0,1,694,12,682,0
694,695,1,1,60.0,0,0,63,26.55,0,3,832,1,592,0
695,696,2,1,52.0,0,0,208,13.5,0,3,139,12,205,0
696,697,3,1,44.0,0,0,585,8.05,0,3,401,12,544,0
697,698,3,0,29.88,0,0,576,7.734,0,2,547,9,679,1
698,699,1,1,49.0,1,1,107,110.9,100,1,786,12,597,0
699,700,3,1,42.0,0,0,479,7.65,179,3,357,12,31,0
700,701,1,0,18.0,1,0,833,227.5,98,1,37,13,615,1
701,702,1,1,35.0,0,0,793,26.28,153,3,727,12,980,1
702,703,3,0,18.0,0,1,286,14.45,0,1,53,9,937,0
703,704,3,1,25.0,0,0,620,7.742,0,2,270,12,775,0
704,705,3,1,26.0,1,0,545,7.855,0,3,310,12,480,0
705,706,2,1,39.0,0,0,226,26.0,0,3,540,12,494,0
706,707,2,0,45.0,0,0,140,13.5,0,3,401,13,369,1
707,708,1,1,42.0,0,0,794,26.28,153,3,117,12,277,1
708,709,1,0,22.0,0,0,49,151.5,0,3,152,9,73,1
709,710,3,1,29.88,1,1,255,15.24,0,1,543,8,448,1
710,711,1,0,24.0,0,0,796,49.5,111,1,498,10,160,1
711,712,1,1,29.88,0,0,26,26.55,72,3,412,12,503,0
712,713,1,1,48.0,1,0,127,52.0,74,3,784,12,313,1
713,714,3,1,29.0,0,0,694,9.484,0,3,429,12,136,0
714,715,2,1,52.0,0,0,219,13.0,0,3,296,12,940,0
715,716,3,1,19.0,0,0,482,7.65,180,3,751,12,878,0
716,717,1,0,38.0,0,0,833,227.5,87,1,239,9,183,1
717,718,2,0,27.0,0,0,403,10.5,149,3,804,9,286,1
718,719,3,1,29.88,0,0,606,15.5,0,2,506,12,798,0
719,720,3,1,33.0,0,0,439,7.773,0,3,382,12,735,0
720,721,2,0,6.0,0,1,207,33.0,0,3,315,9,105,1
721,722,3,1,17.0,1,0,557,7.055,0,3,375,12,998,0
722,723,2,1,34.0,0,0,84,13.0,0,3,284,12,1102,0
723,724,2,1,50.0,0,0,216,13.0,0,3,344,12,493,0
724,725,1,1,27.0,1,0,67,53.1,174,3,138,12,837,1
725,726,3,1,20.0,0,0,358,8.664,0,3,598,12,728,0
726,727,2,0,30.0,3,0,339,21.0,0,3,659,13,882,1
727,728,3,0,29.88,0,0,622,7.74,0,2,488,9,752,1
728,729,2,1,25.0,1,0,162,26.0,0,3,105,12,689,0
729,730,3,0,25.0,1,0,912,7.926,0,3,364,9,892,0
730,731,1,0,29.0,0,0,187,211.4,44,3,15,9,300,1
731,732,3,1,11.0,0,0,294,18.78,0,1,321,12,510,0
732,733,2,1,29.88,0,0,180,0.0,0,3,414,12,923,0
733,734,2,1,23.0,0,0,311,13.0,0,3,73,12,1107,0
734,735,2,1,23.0,0,0,152,13.0,0,3,802,12,810,0
735,736,3,1,28.5,0,0,678,16.1,0,3,850,12,709,0
736,737,3,0,48.0,1,3,924,34.38,0,3,255,13,270,0
737,738,1,1,35.0,0,0,831,512.5,22,1,443,12,447,1
738,739,3,1,29.88,0,0,484,7.895,0,3,367,12,662,0
739,740,3,1,29.88,0,0,501,7.895,0,3,557,12,805,0
740,741,1,1,29.88,0,0,106,30.0,138,3,322,12,1062,1
741,742,1,1,36.0,1,0,118,78.9,88,3,135,12,1037,0
742,743,1,0,21.0,2,2,824,262.5,48,1,693,9,996,1
743,744,3,1,24.0,1,0,655,16.1,0,3,512,12,815,0
744,745,3,1,31.0,0,0,905,7.926,0,3,771,12,653,1
745,746,1,1,70.0,1,1,928,71.0,28,3,180,0,274,0
746,747,3,1,16.0,1,1,753,20.25,0,3,1,12,932,0
747,748,2,0,30.0,0,0,220,13.0,0,3,732,9,97,1
748,749,1,1,19.0,1,0,45,53.1,129,3,493,12,234,0
749,750,3,1,31.0,0,0,395,7.75,0,2,165,12,798,0
750,751,2,0,4.0,1,1,318,23.0,0,3,834,9,574,1
751,752,3,1,6.0,0,1,669,12.48,151,3,536,8,797,1
752,753,3,1,33.0,0,0,431,9.5,0,3,813,12,591,0
753,754,3,1,23.0,0,0,487,7.895,0,3,385,12,691,0
754,755,2,0,48.0,1,2,138,65.0,0,3,335,13,943,1
755,756,2,1,0.67,1,1,221,14.5,0,3,307,8,1052,1
756,757,3,1,28.0,0,0,552,7.797,0,3,128,12,135,0
757,758,2,1,18.0,0,0,323,11.5,0,3,47,12,872,0
758,759,3,1,34.0,0,0,584,8.05,0,3,787,12,1019,0
759,760,1,0,33.0,0,0,0,86.5,54,3,686,17,1125,1
760,761,3,1,29.88,0,0,577,14.5,0,3,271,12,592,0
761,762,3,1,41.0,0,0,886,7.125,0,3,573,12,525,0
762,763,3,1,20.0,0,0,257,7.23,0,1,52,12,451,1
763,764,1,0,36.0,1,2,43,120.0,61,3,131,13,1097,1
764,765,3,1,16.0,0,0,451,7.773,0,3,232,12,456,0
765,766,1,0,51.0,1,0,92,77.94,120,3,345,13,602,1
766,767,1,1,29.88,0,0,24,39.6,0,1,101,4,124,0
767,768,3,0,30.5,0,0,597,7.75,0,2,486,9,777,0
768,769,3,1,29.88,1,0,646,24.16,0,2,538,12,233,0
769,770,3,1,32.0,0,0,701,8.36,0,3,298,12,232,0
770,771,3,1,24.0,0,0,432,9.5,0,3,447,12,906,0
771,772,3,1,48.0,0,0,556,7.855,0,3,375,12,824,0
772,773,2,0,57.0,0,0,844,10.5,173,3,473,13,17,0
773,774,3,1,29.88,0,0,269,7.227,0,1,234,12,243,0
774,775,2,0,54.0,1,3,320,23.0,0,3,343,13,303,1
775,776,3,1,18.0,0,0,455,7.75,0,3,551,12,863,0
776,777,3,1,29.88,0,0,661,7.75,183,2,793,12,930,0
777,778,3,0,5.0,0,0,593,12.48,0,3,236,9,1054,1
778,779,3,1,29.88,0,0,621,7.74,0,2,407,12,1014,0
779,780,1,0,43.0,0,1,187,211.4,32,3,674,13,280,1
780,781,3,0,13.0,0,0,282,7.23,0,1,41,9,143,1
781,782,1,0,17.0,1,0,113,57.0,27,3,207,13,41,1
782,783,1,1,29.0,0,0,36,30.0,145,3,461,12,804,0
783,784,3,1,29.88,1,2,923,23.45,0,3,383,12,94,0
784,785,3,1,25.0,0,0,881,7.05,0,3,14,12,1073,0
785,786,3,1,25.0,0,0,651,7.25,0,3,314,12,22,0
786,787,3,0,18.0,0,0,328,7.496,0,3,737,9,101,1
787,788,3,1,8.0,4,1,659,29.12,0,2,664,8,420,0
788,789,3,1,1.0,1,2,750,20.58,0,3,199,8,163,1
789,790,1,1,46.0,0,0,810,79.2,58,1,300,12,148,0
790,791,3,1,29.88,0,0,85,7.75,0,2,398,12,93,0
791,792,2,1,16.0,0,0,182,26.0,0,3,273,12,60,0
792,793,3,0,29.88,8,2,778,69.56,0,3,700,9,987,0
793,794,1,1,29.88,0,0,817,30.7,0,1,356,12,1098,0
794,795,3,1,25.0,0,0,486,7.895,0,3,193,12,919,0
795,796,2,1,39.0,0,0,304,13.0,0,3,602,12,908,0
796,797,1,0,49.0,0,0,111,25.92,122,3,432,4,74,1
797,798,3,0,31.0,0,0,527,8.68,0,3,600,13,744,1
798,799,3,1,30.0,0,0,280,7.23,0,1,360,12,1124,0
799,800,3,0,30.0,1,1,425,24.16,0,3,811,13,562,0
800,801,2,1,34.0,0,0,219,13.0,0,3,647,12,775,0
801,802,2,0,31.0,1,1,761,26.25,0,3,162,13,469,1
802,803,1,1,11.0,1,2,43,120.0,61,3,131,8,1117,1
803,804,3,1,0.42,0,1,233,8.516,0,1,788,8,130,1
804,805,3,1,27.0,0,0,465,6.977,0,3,326,12,852,1
805,806,3,1,31.0,0,0,440,7.773,0,3,380,12,671,0
806,807,1,1,39.0,0,0,15,0.0,16,3,24,12,1017,0
807,808,3,0,18.0,0,0,463,7.773,0,3,640,9,310,0
808,809,2,1,39.0,0,0,205,13.0,0,3,520,12,132,0
809,810,1,0,33.0,1,0,67,53.1,174,3,138,13,838,1
810,811,3,1,26.0,0,0,468,7.887,0,3,12,12,1073,0
811,812,3,1,39.0,0,0,714,24.16,0,3,442,12,544,0
812,813,2,1,35.0,0,0,303,10.5,0,3,742,12,914,0
813,814,3,0,6.0,4,2,459,31.28,0,3,21,9,251,0
814,815,3,1,30.5,0,0,588,8.05,0,3,795,12,341,0
815,816,1,1,29.88,0,0,19,0.0,23,3,265,12,908,0
816,817,3,0,23.0,0,0,916,7.926,0,3,330,9,1070,0
817,818,2,1,31.0,1,1,841,37.0,0,1,484,12,37,0
818,819,3,1,43.0,0,0,744,6.45,0,3,347,12,606,0
819,820,3,1,10.0,3,2,464,27.9,0,3,739,8,674,0
820,821,1,0,52.0,1,1,86,93.5,51,3,323,13,209,1
821,822,3,1,27.0,0,0,362,8.664,0,3,466,12,825,1
822,823,1,1,38.0,0,0,125,0.0,0,3,660,5,607,0
823,824,3,0,27.0,0,1,669,12.48,151,3,536,13,3,1
824,825,3,1,2.0,4,1,335,39.7,0,3,609,8,1039,0
825,826,3,1,29.88,0,0,616,6.95,0,2,252,12,592,0
826,827,3,1,29.88,0,0,104,56.5,0,3,423,12,697,0
827,828,2,1,1.0,0,2,841,37.0,0,1,484,8,92,1
828,829,3,1,29.88,0,0,610,7.75,0,2,501,12,1016,1
829,830,1,0,62.0,0,0,42,80.0,31,0,767,13,423,1
830,831,3,0,15.0,1,0,253,14.45,0,1,859,13,111,1
831,832,2,1,0.83,1,1,321,18.75,0,3,666,8,425,1
832,833,3,1,29.88,0,0,266,7.23,0,1,694,12,86,0
833,834,3,1,23.0,0,0,473,7.855,0,3,40,12,37,0
834,835,3,1,18.0,0,0,139,8.3,0,3,17,12,854,0
835,836,1,0,39.0,1,1,832,83.2,165,1,163,9,951,1
836,837,3,1,21.0,0,0,361,8.664,0,3,615,12,542,0
837,838,3,1,29.88,0,0,667,8.05,0,3,734,12,790,0
838,839,3,1,32.0,0,0,104,56.5,0,3,145,12,189,1
839,840,1,1,29.88,0,0,79,29.7,89,1,490,12,891,1
840,841,3,1,20.0,0,0,888,7.926,0,3,13,12,527,0
841,842,2,1,16.0,0,0,844,10.5,0,3,546,12,1008,0
842,843,1,0,30.0,0,0,62,31.0,0,1,716,9,137,1
843,844,3,1,34.5,0,0,278,6.438,0,1,438,12,883,0
844,845,3,1,17.0,0,0,354,8.664,0,3,181,12,571,0
845,846,3,1,42.0,0,0,772,7.55,0,3,0,12,106,0
846,847,3,1,29.88,8,2,778,69.56,0,3,700,12,250,0
847,848,3,1,35.0,0,0,496,7.895,0,1,491,12,763,0
848,849,2,1,28.0,0,1,207,33.0,0,3,315,15,592,0
849,850,1,0,29.88,1,0,108,89.1,113,1,288,13,948,1
850,851,3,1,4.0,4,2,459,31.28,0,3,21,8,971,0
851,852,3,1,74.0,0,0,437,7.773,0,3,779,12,575,0
852,853,3,0,9.0,1,1,273,15.24,0,1,90,9,839,0
853,854,1,0,16.0,0,1,809,39.4,128,3,455,9,779,1
854,855,2,0,44.0,1,0,191,26.0,0,3,131,13,338,0
855,856,3,0,18.0,0,1,666,9.35,0,3,9,13,939,1
856,857,1,0,45.0,1,1,626,164.9,0,3,841,13,413,1
857,858,1,1,51.0,0,0,33,26.55,152,3,188,12,880,1
858,859,3,0,24.0,0,3,260,19.27,0,1,44,13,979,1
859,860,3,1,29.88,0,0,237,7.23,0,1,655,12,896,0
860,861,3,1,41.0,2,0,546,14.11,0,3,310,12,220,0
861,862,2,1,21.0,1,0,302,11.5,0,3,281,12,395,0
862,863,1,0,48.0,0,0,112,25.92,122,3,782,13,397,1
863,864,3,0,29.88,8,2,778,69.56,0,3,700,9,248,0
864,865,2,1,24.0,0,0,154,13.0,0,3,283,12,629,0
865,866,2,0,42.0,0,0,161,13.0,0,3,114,13,10,1
866,867,2,0,27.0,1,0,863,13.86,0,1,227,9,131,1
867,868,1,1,31.0,0,0,807,50.5,10,3,676,12,1068,0
868,869,3,1,29.88,0,0,428,9.5,0,3,874,12,884,0
869,870,3,1,4.0,1,1,477,11.13,0,3,382,8,461,1
870,871,3,1,26.0,0,0,531,7.895,0,3,49,12,188,0
871,872,1,0,47.0,1,1,70,52.56,132,3,67,13,916,1
872,873,1,1,33.0,0,0,688,5.0,46,3,128,12,385,0
873,874,3,1,47.0,0,0,419,9.0,0,3,816,12,1045,0
874,875,2,0,28.0,1,0,789,24.0,0,1,3,13,942,1
875,876,3,0,15.0,0,0,261,7.227,0,1,554,9,27,1
876,877,3,1,20.0,0,0,691,9.84,0,3,301,12,70,0
877,878,3,1,19.0,0,0,495,7.895,0,3,638,12,817,0
878,879,3,1,29.88,0,0,500,7.895,0,3,422,12,688,0
879,880,1,0,56.0,0,1,75,83.2,91,1,650,13,1018,1
880,881,2,0,25.0,0,1,147,26.0,0,3,722,13,1077,1
881,882,3,1,33.0,0,0,540,7.895,0,3,492,12,588,0
882,883,3,0,22.0,0,0,697,10.516,0,3,186,9,429,0
883,884,2,1,28.0,0,0,774,10.5,0,3,51,12,396,0
884,885,3,1,25.0,0,0,891,7.05,0,3,777,12,490,0
885,886,3,0,39.0,0,5,659,29.12,0,2,664,13,1078,0
886,887,2,1,27.0,0,0,130,13.0,0,3,535,15,660,0
887,888,1,0,19.0,0,0,18,30.0,41,3,294,9,749,1
888,889,3,0,29.88,1,2,923,23.45,0,3,383,9,186,0
889,890,1,1,26.0,0,0,11,30.0,78,1,69,12,669,1
890,891,3,1,32.0,0,0,642,7.75,0,2,214,12,857,0
