,PassengerId,Pclass,Sex,Age,SibSp,Parch,Ticket,Fare,Cabin,Embarked,first_name,Mr,second_name
0,1,3,1,22.0,1,0,720,7.25,0,3,100,12,855
1,2,1,0,38.0,1,0,816,71.2833,107,1,182,13,601
2,3,3,0,26.0,0,0,914,7.925,0,3,329,9,690
3,4,1,0,35.0,1,0,65,53.1,71,3,267,13,541
4,5,3,1,35.0,0,0,649,8.05,0,3,15,12,1102
5,6,3,1,29.881137667304014,0,0,373,8.4583,0,2,538,12,544
6,7,1,1,54.0,0,0,109,51.8625,164,3,500,12,1032
7,8,3,1,2.0,3,1,541,21.075,0,3,608,8,437
8,9,3,0,27.0,0,2,477,11.1333,0,3,382,13,850
9,10,2,0,14.0,1,0,174,30.0708,0,1,559,13,822
10,11,3,0,4.0,1,1,839,16.7,185,3,707,9,754
11,12,1,0,58.0,0,0,50,26.55,63,3,86,9,302
12,13,3,1,20.0,0,0,733,8.05,0,3,709,12,1102
13,14,3,1,39.0,1,5,459,31.275,0,3,21,12,89
14,15,3,0,14.0,0,0,566,7.8542,0,3,821,9,518
15,16,2,0,55.0,0,0,204,16.0,0,3,336,13,16
16,17,3,1,2.0,4,1,659,29.125,0,2,664,8,355
17,18,2,1,29.881137667304014,0,0,201,13.0,0,3,850,12,200
18,19,3,0,31.0,1,0,417,18.0,0,3,817,13,658
19,20,3,0,29.881137667304014,0,0,243,7.225,0,1,494,13,365
20,21,2,1,35.0,0,0,182,26.0,0,3,268,12,643
21,22,2,1,34.0,0,0,203,13.0,144,3,68,12,694
22,23,3,0,15.0,0,0,379,8.0292,0,2,509,9,98
23,24,1,1,28.0,0,0,54,35.5,18,3,744,12,1115
24,25,3,0,8.0,3,1,541,21.075,0,3,608,9,1035
25,26,3,0,38.0,1,5,454,31.3875,0,3,33,13,177
26,27,3,1,29.881137667304014,0,0,238,7.225,0,1,237,12,364
27,28,1,1,19.0,3,2,123,263.0,81,3,257,12,192
28,29,3,0,29.881137667304014,0,0,385,7.8792,0,2,587,9,309
29,30,3,1,29.881137667304014,0,0,499,7.8958,0,3,794,12,691
30,31,1,1,40.0,0,0,818,27.7208,0,1,810,2,741
31,32,1,0,29.881137667304014,1,0,802,146.5208,55,1,755,13,1088
32,33,3,0,29.881137667304014,0,0,397,7.75,0,2,287,9,778
33,34,2,1,66.0,0,0,751,10.5,0,3,838,12,276
34,35,1,1,28.0,1,0,820,82.1708,0,1,520,12,255
35,36,1,1,42.0,1,0,55,52.0,0,3,349,12,54
36,37,3,1,29.881137667304014,0,0,272,7.2292,0,1,485,12,450
37,38,3,1,21.0,0,0,706,8.05,0,3,124,12,336
38,39,3,0,18.0,2,0,418,18.0,0,3,817,9,139
39,40,3,0,14.0,1,0,245,11.2417,0,1,569,9,558
40,41,3,0,40.0,1,0,695,9.475,0,3,8,13,576
41,42,2,0,27.0,1,0,69,21.0,0,3,809,13,1109
42,43,3,1,29.881137667304014,0,0,536,7.8958,0,1,415,12,1002
43,44,2,0,3.0,1,2,868,41.5792,0,1,428,9,974
44,45,3,0,19.0,0,0,384,7.8792,0,2,205,9,748
45,46,3,1,29.881137667304014,0,0,840,8.05,0,3,677,12,1107
46,47,3,1,29.881137667304014,1,0,637,15.5,0,2,440,12,242
47,48,3,0,29.881137667304014,0,0,100,7.75,0,2,586,9,168
48,49,3,1,29.881137667304014,2,0,256,21.6792,0,1,706,12,1123
49,50,3,0,18.0,1,0,520,17.8,0,3,28,13,634
50,51,3,1,7.0,4,1,335,39.6875,0,3,609,8,652
51,52,3,1,21.0,0,0,718,7.8,0,3,576,12,909
52,53,1,0,49.0,1,0,803,76.7292,130,1,315,13,496
53,54,2,0,29.0,1,0,324,26.0,0,3,246,13,719
54,55,1,1,65.0,0,1,39,61.9792,33,1,601,12,328
55,56,1,1,29.881137667304014,0,0,122,35.5,93,3,857,12,516
56,57,2,0,21.0,0,0,758,10.5,0,3,690,9,323
57,58,3,1,28.5,0,0,292,7.2292,0,1,578,12,738
58,59,2,0,5.0,1,2,768,27.75,0,3,836,9,227
59,60,3,1,11.0,5,2,775,46.9,0,3,292,8,1099
60,61,3,1,22.0,0,0,263,7.2292,0,1,733,12,848
61,62,1,0,38.0,0,0,42,80.0,31,0,361,9,85
62,63,1,1,45.0,1,0,630,83.475,106,3,317,12,483
63,64,3,1,4.0,3,2,464,27.9,0,3,739,8,459
64,65,1,1,29.881137667304014,0,0,821,27.7208,0,1,765,12,39
65,66,3,1,29.881137667304014,1,1,255,15.2458,0,1,543,8,430
66,67,2,0,29.0,0,0,755,10.5,182,3,579,13,7
67,68,3,1,19.0,0,0,849,8.1583,0,3,178,12,340
68,69,3,0,17.0,4,2,334,7.925,0,3,21,9,334
69,70,3,1,26.0,2,0,363,8.6625,0,3,409,12,1053
70,71,2,1,32.0,0,0,762,10.5,0,3,374,12,990
71,72,3,0,16.0,5,2,775,46.9,0,3,292,9,713
72,73,2,1,21.0,0,0,847,73.5,0,3,352,12,82
73,74,3,1,26.0,1,0,275,14.4542,0,1,149,12,114
74,75,3,1,32.0,0,0,104,56.4958,0,3,76,12,696
75,76,3,1,25.0,0,0,481,7.65,180,3,533,12,970
76,77,3,1,29.881137667304014,0,0,491,7.8958,0,3,758,12,535
77,78,3,1,29.881137667304014,0,0,650,8.05,0,3,545,12,895
78,79,2,1,0.83,0,2,211,29.0,0,3,118,8,47
79,80,3,0,30.0,0,0,593,12.475,0,3,217,9,302
80,81,3,1,22.0,0,0,420,9.0,0,3,823,12,25
81,82,3,1,29.0,0,0,430,9.5,0,3,720,12,559
82,83,3,0,29.881137667304014,0,0,382,7.7875,0,2,505,9,171
83,84,1,1,28.0,0,0,35,47.1,0,3,130,12,375
84,85,2,0,17.0,0,0,871,10.5,0,3,362,9,157
85,86,3,0,33.0,3,0,333,15.85,0,3,43,13,666
86,87,3,1,16.0,1,3,924,34.375,0,3,255,12,1111
87,88,3,1,29.881137667304014,0,0,894,8.05,0,3,743,12,958
88,89,1,0,23.0,3,2,123,263.0,81,3,257,9,731
89,90,3,1,24.0,0,0,411,8.05,0,3,136,12,371
90,91,3,1,29.0,0,0,412,8.05,0,3,147,12,317
91,92,3,1,20.0,0,0,471,7.8542,0,3,22,12,860
92,93,1,1,46.0,1,0,926,61.175,155,3,137,12,500
93,94,3,1,26.0,1,2,750,20.575,0,3,199,12,162
94,95,3,1,59.0,0,0,589,7.25,0,3,176,12,231
95,96,3,1,29.881137667304014,0,0,652,8.05,0,3,724,12,206
96,97,1,1,71.0,0,0,830,34.6542,17,1,289,12,411
97,98,1,1,23.0,0,1,835,63.3583,119,1,297,12,1091
98,99,2,0,34.0,0,1,149,23.0,0,3,213,13,627
99,100,2,1,34.0,1,0,199,26.0,0,3,391,12,975
100,101,3,0,28.0,0,0,528,7.8958,0,3,637,9,785
101,102,3,1,29.881137667304014,0,0,498,7.8958,0,3,638,12,856
102,103,1,1,21.0,0,1,574,77.2875,127,3,840,12,911
103,104,3,1,33.0,0,0,693,8.6542,0,3,380,12,446
104,105,3,1,37.0,2,0,331,7.925,0,3,301,12,91
105,106,3,1,28.0,0,0,490,7.8958,0,3,528,12,994
106,107,3,0,21.0,0,0,409,7.65,0,3,703,9,100
107,108,3,1,29.881137667304014,0,0,341,7.775,0,3,542,12,44
108,109,3,1,38.0,0,0,532,7.8958,0,3,658,12,1030
109,110,3,0,29.881137667304014,1,0,646,24.15,0,2,538,9,157
110,111,1,1,47.0,0,0,2,52.0,67,3,649,12,1058
111,112,3,0,14.5,1,0,259,14.4542,0,1,865,9,507
112,113,3,1,22.0,0,0,370,8.05,0,3,57,12,238
113,114,3,0,20.0,1,0,674,9.825,0,3,388,9,681
114,115,3,0,17.0,0,0,235,14.4583,0,1,38,9,734
115,116,3,1,21.0,0,0,910,7.925,0,3,625,12,262
116,117,3,1,70.5,0,0,635,7.75,0,2,167,12,857
117,118,2,1,29.0,1,0,69,21.0,0,3,809,12,1108
118,119,1,1,24.0,0,1,800,247.5208,49,1,60,12,893
119,120,3,0,2.0,4,2,459,31.275,0,3,21,9,312
120,121,2,1,21.0,2,0,847,73.5,0,3,337,12,983
121,122,3,1,29.881137667304014,0,0,738,8.05,0,3,537,12,704
122,123,2,1,32.5,1,0,174,30.0708,0,1,559,12,821
123,124,2,0,32.5,0,0,297,13.0,149,3,831,9,995
124,125,1,1,54.0,0,1,574,77.2875,127,3,840,12,871
125,126,3,1,12.0,1,0,245,11.2417,0,1,569,8,295
126,127,3,1,29.881137667304014,0,0,638,7.75,0,2,511,12,775
127,128,3,1,24.0,0,0,742,7.1417,0,3,476,12,403
128,129,3,0,29.881137667304014,1,1,262,22.3583,178,1,634,9,97
129,130,3,1,45.0,0,0,438,6.975,0,3,233,12,575
130,131,3,1,33.0,0,0,524,7.8958,0,1,221,12,649
131,132,3,1,20.0,0,0,876,7.05,0,3,154,12,246
132,133,3,0,47.0,1,0,735,14.5,0,3,675,13,52
133,134,2,0,29.0,1,0,143,26.0,0,3,833,13,708
134,135,2,1,25.0,0,0,754,13.0,0,3,750,12,945
135,136,2,1,23.0,0,0,859,15.0458,0,1,665,12,319
136,137,1,0,19.0,0,2,71,26.2833,140,3,566,9,475
137,138,1,1,37.0,1,0,65,53.1,71,3,267,12,540
138,139,3,1,16.0,0,0,691,9.2167,0,3,599,12,842
139,140,1,1,24.0,0,0,810,79.2,59,1,279,12,1045
140,141,3,0,29.881137667304014,0,2,273,15.2458,0,1,90,13,639
141,142,3,0,22.0,0,0,458,7.75,0,3,580,9,101
142,143,3,0,24.0,1,0,913,15.85,0,3,305,13,866
143,144,3,1,19.0,0,0,602,6.75,0,2,108,12,570
144,145,2,1,18.0,0,0,150,11.5,0,3,23,12,257
145,146,2,1,19.0,1,1,763,36.75,0,3,567,12,641
146,147,3,1,27.0,0,0,553,7.7958,0,3,21,12,133
147,148,3,0,9.0,2,2,924,34.375,0,3,255,9,928
148,149,2,1,36.5,0,2,145,26.0,181,3,562,12,800
149,150,2,1,42.0,0,0,194,13.0,0,3,113,15,1021
150,151,2,1,51.0,0,0,848,12.525,0,3,58,15,924
151,152,1,0,22.0,1,0,46,66.6,79,3,622,13,1006
152,153,3,1,55.5,0,0,709,8.05,0,3,518,12,59
153,154,3,1,40.5,0,2,736,14.5,0,3,873,12,142
154,155,3,1,29.881137667304014,0,0,786,7.3125,0,3,594,12,844
155,156,1,1,51.0,0,1,814,61.3792,0,1,850,12,196
156,157,3,0,16.0,0,0,575,7.7333,0,2,285,9,679
157,158,3,1,30.0,0,0,896,8.05,0,3,172,12,464
158,159,3,1,29.881137667304014,0,0,345,8.6625,0,3,746,12,803
159,160,3,1,29.881137667304014,8,2,778,69.55,0,3,700,8,1012
160,161,3,1,44.0,0,1,647,16.1,0,3,179,12,609
161,162,2,0,40.0,0,0,764,15.75,0,3,830,13,545
162,163,3,1,26.0,0,0,445,7.775,0,3,70,12,628
163,164,3,1,17.0,0,0,357,8.6625,0,3,119,12,648
164,165,3,1,1.0,4,1,335,39.6875,0,3,609,8,291
165,166,3,1,9.0,0,2,583,20.525,0,3,290,8,381
166,167,1,0,29.881137667304014,0,1,38,55.0,156,3,144,13,5
167,168,3,0,45.0,1,4,464,27.9,0,3,739,13,1074
168,169,1,1,29.881137667304014,0,0,790,25.925,0,3,59,12,603
169,170,3,1,28.0,0,0,104,56.4958,0,3,456,12,696
170,171,1,1,61.0,0,0,8,33.5,26,3,812,12,1120
171,172,3,1,4.0,4,1,659,29.125,0,2,664,8,118
172,173,3,0,1.0,1,1,477,11.1333,0,3,382,9,294
173,174,3,1,21.0,0,0,902,7.925,0,3,736,12,113
174,175,1,1,56.0,0,0,115,30.6958,19,1,747,12,548
175,176,3,1,18.0,1,1,564,7.8542,0,3,413,12,683
176,177,3,1,29.881137667304014,3,1,671,25.4667,0,3,434,8,486
177,178,1,0,50.0,0,0,812,28.7125,90,1,365,9,96
178,179,2,1,30.0,0,0,225,13.0,0,3,306,12,901
179,180,3,1,36.0,0,0,787,0.0,0,3,441,12,717
180,181,3,0,29.881137667304014,8,2,778,69.55,0,3,700,9,226
181,182,2,1,29.881137667304014,0,0,858,15.05,0,1,630,12,905
182,183,3,1,9.0,4,2,454,31.3875,0,3,33,8,219
183,184,2,1,1.0,2,1,146,39.0,184,3,66,8,910
184,185,3,0,4.0,0,2,365,22.025,0,3,410,9,727
185,186,1,1,29.881137667304014,0,0,44,50.0,14,3,680,12,517
186,187,3,0,29.881137667304014,1,0,633,15.5,0,2,582,13,1007
187,188,1,1,45.0,0,0,14,26.55,0,3,678,12,204
188,189,3,1,40.0,1,1,596,15.5,0,2,91,12,592
189,190,3,1,36.0,0,0,530,7.8958,0,3,806,12,993
190,191,2,0,32.0,0,0,156,13.0,0,3,644,13,18
191,192,2,1,19.0,0,0,310,13.0,0,3,126,12,1073
192,193,3,0,19.0,1,0,555,7.8542,0,3,19,9,181
193,194,2,1,3.0,1,1,145,26.0,181,3,562,8,801
194,195,1,0,44.0,0,0,826,27.7208,39,1,104,13,551
195,196,1,0,58.0,0,0,802,146.5208,57,1,470,9,301
196,197,3,1,29.881137667304014,0,0,624,7.75,0,2,519,12,920
197,198,3,1,42.0,0,1,677,8.4042,0,3,594,12,673
198,199,3,0,29.881137667304014,0,0,636,7.75,0,2,474,9,746
199,200,2,0,24.0,0,0,215,13.0,0,3,864,9,479
200,201,3,1,28.0,0,0,423,9.5,0,3,814,12,820
201,202,3,1,29.881137667304014,8,2,778,69.55,0,3,700,12,390
202,203,3,1,34.0,0,0,327,6.4958,0,3,379,12,543
203,204,3,1,45.5,0,0,236,7.225,0,1,861,12,431
204,205,3,1,18.0,0,0,728,8.05,0,3,155,12,444
205,206,3,0,2.0,0,1,436,10.4625,185,3,774,9,1000
206,207,3,1,32.0,1,0,333,15.85,0,3,43,12,665
207,208,3,1,26.0,0,0,294,18.7875,0,1,10,12,813
208,209,3,0,16.0,0,0,613,7.75,0,2,129,9,471
209,210,1,1,40.0,0,0,21,31.0,13,1,85,12,481
210,211,3,1,24.0,0,0,880,7.05,0,3,14,12,35
211,212,2,0,35.0,0,0,781,21.0,0,3,120,9,222
212,213,3,1,22.0,0,0,723,7.25,0,3,629,12,610
213,214,2,1,30.0,0,0,218,13.0,0,3,286,12,455
214,215,3,1,29.881137667304014,1,0,611,7.75,0,2,406,12,885
215,216,1,0,31.0,1,0,573,113.275,133,1,565,9,732
216,217,3,0,27.0,0,0,915,7.925,0,3,351,9,297
217,218,2,1,42.0,1,0,189,27.0,0,3,368,12,967
218,219,1,0,32.0,0,0,81,76.2917,121,1,61,9,46
219,220,2,1,30.0,0,0,927,10.5,0,3,317,12,1056
220,221,3,1,16.0,0,0,895,8.05,0,3,775,12,1046
221,222,2,1,27.0,0,0,136,13.0,0,3,95,12,550
222,223,3,1,51.0,0,0,133,8.05,0,3,295,12,419
223,224,3,1,29.881137667304014,0,0,517,7.8958,0,3,563,12,216
224,225,1,1,38.0,1,0,121,90.0,114,3,356,12,398
225,226,3,1,22.0,0,0,838,9.35,0,3,72,12,670
226,227,2,1,19.0,0,0,918,10.5,0,3,517,12,1107
227,228,3,1,20.5,0,0,722,7.25,0,3,465,12,608
228,229,2,1,18.0,0,0,160,13.0,0,3,243,12,117
229,230,3,0,29.881137667304014,3,1,671,25.4667,0,3,434,9,784
230,231,1,0,35.0,1,0,630,83.475,106,3,317,13,484
231,232,3,1,29.0,0,0,444,7.775,0,3,429,12,147
232,233,2,1,59.0,0,0,167,13.5,0,3,738,12,344
233,234,3,0,5.0,4,2,454,31.3875,0,3,33,9,714
234,235,2,1,24.0,0,0,756,10.5,0,3,446,12,925
235,236,3,0,29.881137667304014,0,0,925,7.55,0,3,313,9,77
236,237,2,1,44.0,1,0,265,26.0,0,3,346,12,988
237,238,2,0,8.0,0,2,761,26.25,0,3,162,9,770
238,239,2,1,19.0,0,0,314,10.5,0,3,628,12,402
239,240,2,1,33.0,0,0,870,12.275,0,3,358,12,419
240,241,3,0,29.881137667304014,1,0,259,14.4542,0,1,865,9,1001
241,242,3,0,29.881137667304014,1,0,612,15.5,0,2,550,9,678
242,243,2,1,29.0,0,0,921,10.5,0,3,158,12,902
243,244,3,1,22.0,0,0,901,7.125,0,3,477,12,788
244,245,3,1,30.0,0,0,289,7.225,0,1,38,12,977
245,246,1,1,44.0,2,0,120,90.0,103,2,525,4,1094
246,247,3,0,25.0,0,0,448,7.775,0,3,448,9,33
247,248,2,0,24.0,0,2,221,14.5,0,3,307,13,1076
248,249,1,1,37.0,1,1,70,52.5542,132,3,67,12,915
249,250,2,1,54.0,1,0,191,26.0,0,3,131,15,337
250,251,3,1,29.881137667304014,0,0,581,7.25,0,3,656,12,549
251,252,3,0,29.0,1,1,436,10.4625,185,3,774,13,1072
252,253,1,1,62.0,0,0,41,26.55,109,3,762,12,1114
253,254,3,1,30.0,1,0,734,16.1,0,3,459,12,1084
254,255,3,0,41.0,0,2,632,20.2125,0,3,681,13,1050
255,256,3,0,29.0,0,2,244,15.2458,0,1,801,13,236
256,257,1,0,29.881137667304014,0,0,806,79.2,0,1,790,13,433
257,258,1,0,30.0,0,0,0,86.5,54,3,142,9,436
258,259,1,0,35.0,0,0,831,512.3292,0,1,826,9,97
259,260,2,0,50.0,0,1,147,26.0,0,3,613,13,13
260,261,3,1,29.881137667304014,0,0,664,7.75,0,2,747,12,1004
261,262,3,1,3.0,4,2,454,31.3875,0,3,33,8,266
262,263,1,1,52.0,1,1,1,79.65,171,3,783,12,317
263,264,1,1,40.0,0,0,20,0.0,60,3,318,12,1073
264,265,3,0,29.881137667304014,0,0,656,7.75,0,2,334,9,240
265,266,2,1,36.0,0,0,748,10.5,0,3,657,12,237
266,267,3,1,16.0,4,1,335,39.6875,0,3,609,12,343
267,268,3,1,25.0,1,0,460,7.775,0,3,632,12,349
268,269,1,0,58.0,0,1,805,153.4625,73,3,294,13,1116
269,270,1,0,35.0,0,0,836,135.6333,117,3,81,9,83
270,271,1,1,29.881137667304014,0,0,62,31.0,0,3,116,12,48
271,272,3,1,25.0,0,0,787,0.0,0,3,799,12,1102
272,273,2,0,41.0,0,1,217,19.5,0,3,516,13,6
273,274,1,1,37.0,0,1,813,29.7,70,1,560,12,203
274,275,3,0,29.881137667304014,0,0,641,7.75,0,2,325,9,453
275,276,1,0,63.0,1,0,92,77.9583,146,3,24,9,686
276,277,3,0,45.0,0,0,450,7.75,0,3,449,9,138
277,278,2,1,29.881137667304014,0,0,178,0.0,0,3,611,12,372
278,279,3,1,7.0,4,1,659,29.125,0,2,664,8,330
279,280,3,0,35.0,1,1,753,20.25,0,3,1,13,985
280,281,3,1,65.0,0,0,399,7.75,0,2,223,12,376
281,282,3,1,28.0,0,0,469,7.8542,0,3,595,12,832
282,283,3,1,16.0,0,0,429,9.5,0,3,871,12,58
283,284,3,1,19.0,0,0,731,8.05,0,3,215,12,271
284,285,1,1,29.881137667304014,0,0,34,26.0,6,3,747,12,918
285,286,3,1,33.0,0,0,522,8.6625,0,1,759,12,535
286,287,3,1,30.0,0,0,426,9.5,0,3,870,12,1003
287,288,3,1,22.0,0,0,489,7.8958,0,3,553,12,867
288,289,2,1,42.0,0,0,176,13.0,0,3,354,12,782
289,290,3,0,22.0,0,0,639,7.75,0,2,166,9,675
290,291,1,0,26.0,0,0,118,78.85,0,3,54,9,309
291,292,1,0,19.0,1,0,82,91.0792,43,1,80,13,245
292,293,2,1,36.0,0,0,869,12.875,118,1,444,12,907
293,294,3,0,24.0,0,0,519,8.85,0,3,302,9,80
294,295,3,1,24.0,0,0,516,7.8958,0,3,526,12,535
295,296,1,1,29.881137667304014,0,0,828,27.7208,0,1,445,12,351
296,297,3,1,23.5,0,0,288,7.2292,0,1,309,12,739
297,298,1,0,2.0,1,2,49,151.55,80,3,16,9,473
298,299,1,1,29.881137667304014,0,0,126,30.5,66,3,696,12,32
299,300,1,0,50.0,0,1,800,247.5208,49,1,60,13,547
300,301,3,0,29.881137667304014,0,0,704,7.75,0,2,401,9,99
301,302,3,1,29.881137667304014,2,0,608,23.25,0,2,502,12,154
302,303,3,1,19.0,0,0,787,0.0,0,3,382,12,1092
303,304,2,0,29.881137667304014,0,0,141,12.35,149,2,398,9,836
304,305,3,1,29.881137667304014,0,0,725,8.05,0,3,850,12,512
305,306,1,1,0.92,1,2,49,151.55,80,3,16,8,515
306,307,1,0,29.881137667304014,0,0,107,110.8833,0,1,251,9,745
307,308,1,0,17.0,1,0,834,108.9,99,1,627,13,1048
308,309,2,1,30.0,1,0,789,24.0,0,1,3,12,940
309,310,1,0,30.0,0,0,798,56.9292,158,1,259,9,693
310,311,1,0,24.0,0,0,75,83.1583,95,1,323,9,747
311,312,1,0,18.0,2,2,824,262.375,48,1,693,9,324
312,313,2,0,26.0,1,1,223,26.0,0,3,420,13,1075
313,314,3,1,28.0,0,0,526,7.8958,0,3,332,12,524
314,315,2,1,43.0,1,1,782,26.25,0,3,319,12,148
315,316,3,0,26.0,0,0,475,7.8542,0,3,572,9,478
316,317,2,0,24.0,1,0,199,26.0,0,3,391,13,976
317,318,2,1,54.0,0,0,316,14.0,0,3,539,4,335
318,319,1,0,31.0,0,2,626,164.8667,101,3,841,9,781
319,320,1,0,40.0,1,1,105,134.5,157,1,754,13,389
320,321,3,1,22.0,0,0,721,7.25,0,3,204,12,940
321,322,3,1,27.0,0,0,502,7.8958,0,3,192,12,1122
322,323,2,0,30.0,0,0,158,12.35,0,2,741,9,505
323,324,2,0,22.0,1,1,211,29.0,0,3,118,13,43
324,325,3,1,29.881137667304014,8,2,778,69.55,0,3,700,12,421
325,326,1,0,36.0,0,0,836,135.6333,85,1,860,9,761
326,327,3,1,61.0,0,0,413,6.2375,0,3,581,12,581
327,328,2,0,36.0,0,0,312,13.0,118,3,50,13,0
328,329,3,0,31.0,1,1,583,20.525,0,3,290,13,380
329,330,1,0,16.0,0,1,10,57.9792,25,1,341,9,563
330,331,3,0,29.881137667304014,2,0,608,23.25,0,2,502,9,34
331,332,1,1,45.5,0,0,28,28.5,72,3,614,12,141
332,333,1,1,38.0,0,1,805,153.4625,112,3,294,12,416
333,334,3,1,16.0,2,0,418,18.0,0,3,817,12,700
334,335,1,0,29.881137667304014,1,0,827,133.65,0,3,261,13,498
335,336,3,1,29.881137667304014,0,0,508,7.8958,0,3,203,12,808
336,337,1,1,29.0,1,0,46,66.6,79,3,622,12,1009
337,338,1,0,41.0,0,0,105,134.5,161,1,109,9,305
338,339,3,1,45.0,0,0,699,8.05,0,3,185,12,667
339,340,1,1,45.0,0,0,51,35.5,186,3,84,12,991
340,341,2,1,2.0,1,1,145,26.0,181,3,562,8,261
341,342,1,0,24.0,3,2,123,263.0,81,3,257,9,75
342,343,2,1,28.0,0,0,212,13.0,0,3,159,12,332
343,344,2,1,25.0,0,0,198,13.0,0,3,715,12,202
344,345,2,1,36.0,0,0,144,13.0,0,3,258,12,984
345,346,2,0,24.0,0,0,209,13.0,182,3,104,9,84
346,347,2,0,40.0,0,0,344,13.0,0,3,747,9,766
347,348,3,0,29.881137667304014,1,0,665,16.1,0,3,197,13,1013
348,349,3,1,3.0,1,1,769,15.9,0,3,175,8,1110
349,350,3,1,42.0,0,0,352,8.6625,0,3,209,12,647
350,351,3,1,23.0,0,0,690,9.225,0,3,591,12,833
351,352,1,1,29.881137667304014,0,0,40,35.0,75,3,851,12,368
352,353,3,1,15.0,1,1,290,7.2292,0,1,234,12,999
353,354,3,1,25.0,1,0,520,17.8,0,3,28,12,633
354,355,3,1,29.881137667304014,0,0,241,7.225,0,1,862,12,1069
355,356,3,1,28.0,0,0,433,9.5,0,3,815,12,701
356,357,1,0,22.0,0,1,38,55.0,156,3,94,9,316
357,358,2,0,38.0,0,0,171,13.0,0,3,266,9,104
358,359,3,0,29.881137667304014,0,0,381,7.8792,0,2,508,9,777
359,360,3,0,29.881137667304014,0,0,391,7.8792,0,2,532,9,474
360,361,3,1,40.0,1,4,464,27.9,0,3,739,12,1071
361,362,2,1,29.0,1,0,866,27.7208,0,1,872,12,956
362,363,3,0,45.0,0,1,286,14.4542,0,1,53,13,4
363,364,3,1,35.0,0,0,879,7.05,0,3,32,12,28
364,365,3,1,29.881137667304014,1,0,633,15.5,0,2,582,12,1004
365,366,3,1,30.0,0,0,745,7.25,0,3,6,12,792
366,367,1,0,60.0,1,0,6,75.25,134,1,828,13,383
367,368,3,0,29.881137667304014,0,0,234,7.2292,0,1,544,13,14
368,369,3,0,29.881137667304014,0,0,102,7.75,0,2,376,9,103
369,370,1,0,24.0,0,0,795,69.3,34,1,39,11,706
370,371,1,1,25.0,1,0,74,55.4417,166,1,312,12,408
371,372,3,1,18.0,1,0,330,6.4958,0,3,844,12,543
372,373,3,1,19.0,0,0,369,8.05,0,3,65,12,1114
373,374,1,1,22.0,0,0,836,135.6333,0,1,669,12,950
374,375,3,0,3.0,3,1,541,21.075,0,3,608,9,992
375,376,1,0,29.881137667304014,1,0,820,82.1708,0,1,520,13,256
376,377,3,0,22.0,0,0,746,7.25,0,3,425,9,140
377,378,1,1,27.0,0,2,37,211.5,105,1,843,12,466
378,379,3,1,20.0,0,0,242,4.0125,0,1,74,12,999
379,380,3,1,19.0,0,0,446,7.775,0,3,301,12,668
380,381,1,0,42.0,0,0,833,227.525,0,1,75,9,931
381,382,3,0,1.0,0,2,247,15.7417,0,1,555,9,757
382,383,3,1,32.0,0,0,909,7.925,0,3,792,12,653
383,384,1,0,35.0,1,0,55,52.0,0,3,349,13,55
384,385,3,1,29.881137667304014,0,0,510,7.8958,0,3,645,12,1042
385,386,2,1,18.0,0,0,847,73.5,0,3,195,12,205
386,387,3,1,1.0,5,2,775,46.9,0,3,292,8,966
387,388,2,0,36.0,0,0,298,13.0,0,3,110,9,675
388,389,3,1,29.881137667304014,0,0,615,7.7292,0,2,697,12,786
389,390,2,0,17.0,0,0,852,12.0,0,1,435,9,157
390,391,1,1,36.0,1,2,43,120.0,61,3,131,12,1096
391,392,3,1,21.0,0,0,549,7.7958,0,3,370,12,176
392,393,3,1,28.0,2,0,332,7.925,0,3,301,12,577
393,394,1,0,23.0,1,0,573,113.275,133,1,565,9,769
394,395,3,0,24.0,0,2,839,16.7,185,3,707,13,508
395,396,3,1,22.0,0,0,559,7.7958,0,3,380,12,331
396,397,3,0,31.0,0,0,567,7.8542,0,3,595,9,299
397,398,2,1,46.0,0,0,308,26.0,0,3,510,12,879
398,399,2,1,23.0,0,0,193,10.5,0,3,606,4,60
399,400,2,0,28.0,0,0,186,12.65,0,3,803,13,1101
400,401,3,1,39.0,0,0,906,7.925,0,3,574,12,650
401,402,3,1,26.0,0,0,402,8.05,0,3,7,12,592
402,403,3,0,21.0,1,0,675,9.825,0,3,388,9,755
403,404,3,1,28.0,1,0,913,15.85,0,3,305,12,865
404,405,3,0,20.0,0,0,360,8.6625,0,3,598,9,762
405,406,2,1,34.0,1,0,313,21.0,0,3,269,12,962
406,407,3,1,51.0,0,0,441,7.75,0,3,842,12,180
407,408,2,1,3.0,1,1,321,18.75,0,3,666,8,1113
408,409,3,1,21.0,0,0,342,7.775,0,3,78,12,457
409,410,3,0,29.881137667304014,3,1,671,25.4667,0,3,434,9,520
410,411,3,1,29.881137667304014,0,0,505,7.8958,0,3,714,12,1033
411,412,3,1,29.881137667304014,0,0,670,6.8583,0,2,319,12,481
412,413,1,0,33.0,1,0,120,90.0,103,2,525,9,230
413,414,2,1,29.881137667304014,0,0,178,0.0,0,3,183,12,65
414,415,3,1,44.0,0,0,898,7.925,0,3,776,12,583
415,416,3,0,29.881137667304014,0,0,408,8.05,0,3,515,13,1005
416,417,2,0,34.0,1,1,305,32.5,0,3,222,13,555
417,418,2,0,18.0,0,2,224,13.0,0,3,726,9,729
418,419,2,1,30.0,0,0,307,13.0,0,3,496,12,1107
419,420,3,0,10.0,0,2,425,24.15,0,3,811,9,184
420,421,3,1,29.881137667304014,0,0,537,7.8958,0,1,277,12,981
421,422,3,1,21.0,0,0,732,7.7333,0,2,140,12,237
422,423,3,1,29.0,0,0,346,7.875,0,3,867,12,698
423,424,3,0,28.0,1,1,457,14.4,0,3,189,13,347
424,425,3,1,18.0,1,1,632,20.2125,0,3,681,12,1051
425,426,3,1,29.881137667304014,0,0,717,7.25,0,3,855,12,889
426,427,2,0,28.0,1,0,128,26.0,0,3,151,13,212
427,428,2,0,19.0,0,0,226,26.0,0,3,642,9,676
428,429,3,1,29.881137667304014,0,0,598,7.75,0,2,252,12,544
429,430,3,1,32.0,0,0,884,8.05,148,3,643,12,153
430,431,1,1,28.0,0,0,5,26.55,93,3,83,12,791
431,432,3,0,29.881137667304014,1,0,654,16.1,0,3,791,13,869
432,433,2,0,42.0,1,0,856,26.0,0,3,464,13,193
433,434,3,1,17.0,0,0,900,7.125,0,3,389,12,826
434,435,1,1,50.0,1,0,93,55.9,162,3,728,12,1089
435,436,1,0,14.0,1,2,43,120.0,61,3,131,9,724
436,437,3,0,21.0,2,2,924,34.375,0,3,255,9,247
437,438,2,0,24.0,2,3,321,18.75,0,3,666,13,964
438,439,1,1,64.0,1,4,123,263.0,81,3,257,12,771
439,440,2,1,31.0,0,0,749,10.5,0,3,418,12,582
440,441,2,0,45.0,1,1,782,26.25,0,3,319,13,151
441,442,3,1,20.0,0,0,422,9.5,0,3,308,12,702
442,443,3,1,25.0,1,0,453,7.775,0,3,639,12,580
443,444,2,0,28.0,0,0,148,13.0,0,3,661,14,327
444,445,3,1,29.881137667304014,0,0,683,8.1125,0,3,378,12,155
445,446,1,1,4.0,0,2,398,81.8583,15,3,211,8,1066
446,447,2,0,13.0,0,1,217,19.5,0,3,516,9,733
447,448,1,1,34.0,0,0,59,26.55,0,3,717,12,387
448,449,3,0,5.0,2,1,260,19.2583,0,1,44,9,760
449,450,1,1,52.0,0,0,52,30.5,64,3,641,7,120
450,451,2,1,36.0,1,2,768,27.75,0,3,836,12,287
451,452,3,1,29.881137667304014,1,0,680,19.9667,0,3,304,12,529
452,453,1,1,30.0,0,0,31,27.75,68,1,256,12,152
453,454,1,1,49.0,1,0,108,89.1042,113,1,288,12,947
454,455,3,1,29.881137667304014,0,0,726,8.05,0,3,624,12,635
455,456,3,1,29.0,0,0,523,7.8958,0,1,369,12,535
456,457,1,1,65.0,0,0,95,26.55,159,3,523,12,373
457,458,1,0,29.881137667304014,1,0,110,51.8625,125,3,404,13,401
458,459,2,0,50.0,0,0,783,10.5,0,3,796,9,308
459,460,3,1,29.881137667304014,0,0,644,7.75,0,2,584,12,790
460,461,1,1,48.0,0,0,124,26.55,150,3,20,12,464
461,462,3,1,34.0,0,0,590,8.05,0,3,540,12,1073
462,463,1,1,47.0,0,0,9,38.5,170,3,275,12,122
463,464,2,1,48.0,0,0,155,13.0,0,3,524,12,539
464,465,3,1,29.881137667304014,0,0,737,8.05,0,3,481,12,972
465,466,3,1,38.0,0,0,875,7.05,0,3,291,12,742
466,467,2,1,29.881137667304014,0,0,178,0.0,0,3,121,12,1073
467,468,1,1,56.0,0,0,58,26.55,0,3,745,12,619
468,469,3,1,29.881137667304014,0,0,580,7.725,0,2,711,12,544
469,470,3,0,0.75,2,1,260,19.2583,0,1,44,9,476
470,471,3,1,29.881137667304014,0,0,368,7.25,0,3,399,12,118
471,472,3,1,38.0,0,0,353,8.6625,0,3,115,12,728
472,473,2,0,33.0,1,2,768,27.75,0,3,836,13,288
473,474,2,0,23.0,0,0,857,13.7917,118,1,377,13,87
474,475,3,0,22.0,0,0,698,9.8375,0,3,770,9,523
475,476,1,1,29.881137667304014,0,0,2,52.0,3,3,153,12,424
476,477,2,1,34.0,1,0,339,21.0,0,3,659,12,881
477,478,3,1,29.0,1,0,434,7.0458,0,3,100,12,711
478,479,3,1,22.0,0,0,562,7.5208,0,3,393,12,830
479,480,3,0,2.0,0,1,338,12.2875,0,3,342,9,506
480,481,3,1,9.0,5,2,775,46.9,0,3,292,8,462
481,482,2,1,29.881137667304014,0,0,179,0.0,0,3,264,12,107
482,483,3,1,50.0,0,0,729,8.05,0,3,688,12,913
483,484,3,0,63.0,0,0,672,9.5875,0,3,808,13,8
484,485,1,1,25.0,1,0,82,91.0792,43,1,80,12,244
485,486,3,0,29.881137667304014,3,1,671,25.4667,0,3,434,9,565
486,487,1,0,35.0,1,0,121,90.0,114,3,356,13,399
487,488,1,1,58.0,0,0,78,29.7,36,1,403,12,272
488,489,3,1,30.0,0,0,710,8.05,0,3,752,12,374
489,490,3,1,9.0,1,1,769,15.9,0,3,175,8,253
490,491,3,1,29.881137667304014,1,0,681,19.9667,0,3,304,12,685
491,492,3,1,21.0,0,0,890,7.25,0,3,853,12,289
492,493,1,1,55.0,0,0,53,30.5,83,3,534,12,467
493,494,1,1,71.0,0,0,825,49.5042,0,1,30,12,899
494,495,3,1,21.0,0,0,713,8.05,0,3,760,12,279
495,496,3,1,29.881137667304014,0,0,235,14.4583,0,1,863,12,431
496,497,1,0,54.0,1,0,627,78.2667,124,1,240,9,306
497,498,3,1,29.881137667304014,0,0,773,15.1,0,3,721,12,402
498,499,1,0,25.0,1,2,49,151.55,80,3,16,13,513
499,500,3,1,24.0,0,0,550,7.7958,0,3,779,12,846
500,501,3,1,17.0,0,0,350,8.6625,0,3,119,12,876
501,502,3,0,21.0,0,0,594,7.75,0,2,122,9,777
502,503,3,0,29.881137667304014,0,0,374,7.6292,0,2,590,9,170
503,504,3,0,37.0,0,0,673,9.5875,0,3,421,9,687
504,505,1,0,16.0,0,0,0,86.5,56,3,480,9,927
505,506,1,1,18.0,1,0,834,108.9,99,1,627,12,1047
506,507,2,0,33.0,0,2,239,26.0,0,3,652,13,393
507,508,1,1,29.881137667304014,0,0,13,26.55,0,3,96,12,405
508,509,3,1,28.0,0,0,743,22.525,0,3,594,12,491
509,510,3,1,26.0,0,0,104,56.4958,0,3,427,12,362
510,511,3,1,29.0,0,0,658,7.75,0,2,188,12,357
511,512,3,1,29.881137667304014,0,0,889,8.05,0,3,831,12,544
512,513,1,1,36.0,0,0,791,26.2875,154,3,507,12,553
513,514,1,0,54.0,1,0,819,59.4,0,1,687,13,776
514,515,3,1,24.0,0,0,492,7.4958,0,3,157,12,955
515,516,1,1,47.0,0,0,629,34.0208,139,3,825,12,1083
516,517,2,0,34.0,0,0,766,10.5,182,3,439,13,2
517,518,3,1,29.881137667304014,0,0,646,24.15,0,2,692,12,857
518,519,2,0,36.0,1,0,142,26.0,0,3,26,13,1081
519,520,3,1,32.0,0,0,525,7.8958,0,3,618,12,986
520,521,1,0,30.0,0,0,86,93.5,53,3,631,9,102
521,522,3,1,22.0,0,0,535,7.8958,0,3,822,12,560
522,523,3,1,29.881137667304014,0,0,232,7.225,0,1,419,12,954
523,524,1,0,44.0,0,1,10,57.9792,25,1,341,13,720
524,525,3,1,29.881137667304014,0,0,295,7.2292,0,1,396,12,363
525,526,3,1,40.5,0,0,614,7.75,0,2,244,12,544
526,527,2,0,50.0,0,0,919,10.5,0,3,667,9,725
527,528,1,1,29.881137667304014,0,0,797,221.7792,115,3,245,12,592
528,529,3,1,39.0,0,0,336,7.925,0,3,705,12,587
529,530,2,1,23.0,2,1,319,11.5,0,3,343,12,912
530,531,2,0,2.0,1,1,239,26.0,0,3,652,9,890
531,532,3,1,29.881137667304014,0,0,240,7.2292,0,1,800,12,812
532,533,3,1,17.0,1,1,285,7.2292,0,1,234,12,644
533,534,3,0,29.881137667304014,0,2,262,22.3583,0,1,634,13,185
534,535,3,0,30.0,0,0,348,8.6625,0,3,115,9,762
535,536,2,0,7.0,0,2,782,26.25,0,3,319,9,359
536,537,1,1,45.0,0,0,30,26.55,37,3,112,7,116
537,538,1,0,30.0,0,0,837,106.425,0,1,431,9,157
538,539,3,1,29.881137667304014,0,0,587,14.5,0,3,672,12,944
539,540,1,0,22.0,0,2,97,49.5,38,1,262,9,470
540,541,1,0,36.0,0,2,928,71.0,28,3,180,9,463
541,542,3,0,9.0,4,2,459,31.275,0,3,21,9,528
542,543,3,0,11.0,4,2,459,31.275,0,3,21,9,969
543,544,2,1,32.0,1,0,317,26.0,0,3,62,12,267
544,545,1,1,50.0,1,0,837,106.425,108,1,216,12,1059
545,546,1,1,64.0,0,0,686,26.0,0,3,568,12,119
546,547,2,0,19.0,1,0,317,26.0,0,3,62,13,268
547,548,2,1,29.881137667304014,0,0,860,13.8625,0,1,605,12,655
548,549,3,1,33.0,1,1,583,20.525,0,3,290,12,379
549,550,2,1,8.0,1,1,763,36.75,0,3,195,8,621
550,551,1,1,17.0,0,2,107,110.8833,102,1,786,12,599
551,552,2,1,27.0,0,0,196,26.0,0,3,718,12,870
552,553,3,1,29.881137667304014,0,0,390,7.8292,0,2,582,12,1031
553,554,3,1,22.0,0,0,228,7.225,0,1,433,12,361
554,555,3,0,22.0,0,0,461,7.775,0,3,592,9,1044
555,556,1,1,62.0,0,0,68,26.55,0,3,858,12,404
556,557,1,0,48.0,1,0,73,39.6,4,1,224,6,12
557,558,1,1,29.881137667304014,0,0,833,227.525,0,1,673,12,1045
558,559,1,0,39.0,1,1,1,79.65,171,3,783,13,318
559,560,3,0,36.0,1,0,416,17.4,0,3,869,13,442
560,561,3,1,29.881137667304014,0,0,648,7.75,0,2,541,12,1022
561,562,3,1,40.0,0,0,534,7.8958,0,3,735,12,519
562,563,2,1,28.0,0,0,134,13.5,0,3,575,12,922
563,564,3,1,29.881137667304014,0,0,892,8.05,0,3,729,12,592
564,565,3,0,29.881137667304014,0,0,885,8.05,0,3,514,9,15
565,566,3,1,24.0,2,0,714,24.15,0,3,195,12,68
566,567,3,1,19.0,0,0,488,7.8958,0,3,769,12,526
567,568,3,0,29.0,0,4,541,21.075,0,3,608,13,829
568,569,3,1,29.881137667304014,0,0,281,7.2292,0,1,212,12,999
569,570,3,1,32.0,0,0,572,7.8542,0,3,386,12,173
570,571,2,1,62.0,0,0,850,10.5,0,3,317,12,404
571,572,1,0,53.0,2,0,76,51.4792,62,3,27,13,273
572,573,1,1,36.0,0,0,792,26.3875,154,3,252,12,613
573,574,3,0,29.881137667304014,0,0,101,7.75,0,2,401,9,777
574,575,3,1,16.0,0,0,716,8.05,0,3,691,12,67
575,576,3,1,19.0,0,0,577,14.5,0,3,616,12,404
576,577,2,0,34.0,0,0,190,13.0,0,3,272,9,353
577,578,1,0,39.0,1,0,93,55.9,162,3,728,13,1090
578,579,3,0,29.881137667304014,1,0,284,14.4583,0,1,125,13,637
579,580,3,1,32.0,0,0,904,7.925,0,3,388,12,293
580,581,2,0,25.0,1,1,175,30.0,0,3,148,9,656
581,582,1,0,39.0,1,1,107,110.8833,100,1,786,13,598
582,583,2,1,54.0,0,0,308,26.0,0,3,218,12,1105
583,584,1,1,36.0,0,0,87,40.125,1,1,684,12,612
584,585,3,1,29.881137667304014,0,0,401,8.7125,0,1,617,12,1040
585,586,1,0,18.0,0,2,1,79.65,172,3,783,9,933
586,587,2,1,47.0,0,0,168,15.0,0,3,372,12,604
587,588,1,1,60.0,1,1,96,79.2,40,1,263,12,794
588,589,3,1,22.0,0,0,103,8.05,0,3,282,12,296
589,590,3,1,29.881137667304014,0,0,707,8.05,0,3,549,12,635
590,591,3,1,35.0,0,0,899,7.125,0,3,670,12,787
591,592,1,0,52.0,1,0,627,78.2667,124,1,764,13,1057
592,593,3,1,47.0,0,0,730,7.25,0,3,235,12,1105
593,594,3,0,29.881137667304014,0,2,595,7.75,0,2,91,9,777
594,595,2,1,37.0,1,0,855,26.0,0,3,139,12,610
595,596,3,1,36.0,1,1,425,24.15,0,3,811,12,561
596,597,2,0,29.881137667304014,0,0,207,33.0,0,3,437,9,573
597,598,3,1,49.0,0,0,787,0.0,0,3,382,12,60
598,599,3,1,29.881137667304014,0,0,258,7.225,0,1,90,12,450
599,600,1,1,49.0,1,0,798,56.9292,7,1,224,16,228
600,601,2,0,24.0,2,1,189,27.0,0,3,368,13,968
601,602,3,1,29.881137667304014,0,0,497,7.8958,0,3,740,12,877
602,603,1,1,29.881137667304014,0,0,61,42.4,0,3,316,12,203
603,604,3,1,44.0,0,0,591,8.05,0,3,797,12,350
604,605,1,1,35.0,0,0,12,26.55,0,1,350,12,465
605,606,3,1,36.0,1,0,542,15.55,0,3,451,12,264
606,607,3,1,30.0,0,0,529,7.8958,0,3,392,12,802
607,608,1,1,27.0,0,0,66,30.5,0,3,190,12,926
608,609,2,0,22.0,1,2,868,41.5792,0,1,428,13,636
609,610,1,0,40.0,0,0,805,153.4625,73,3,725,9,307
610,611,3,0,39.0,1,5,459,31.275,0,3,21,13,90
611,612,3,1,29.881137667304014,0,0,874,7.05,0,3,371,12,631
612,613,3,0,29.881137667304014,1,0,612,15.5,0,2,550,9,750
613,614,3,1,29.881137667304014,0,0,643,7.75,0,2,353,12,592
614,615,3,1,35.0,0,0,592,8.05,0,3,103,12,1082
615,616,2,0,24.0,1,2,138,65.0,0,3,335,9,73
616,617,3,1,34.0,1,1,457,14.4,0,3,189,12,346
617,618,3,0,26.0,1,0,734,16.1,0,3,459,13,1085
618,619,2,0,4.0,2,1,146,39.0,184,3,66,9,767
619,620,2,1,26.0,0,0,340,10.5,0,3,274,12,694
620,621,3,1,27.0,1,0,253,14.4542,0,1,859,12,110
621,622,1,1,42.0,1,0,72,52.5542,123,3,408,12,284
622,623,3,1,20.0,1,1,247,15.7417,0,1,555,12,935
623,624,3,1,21.0,0,0,547,7.8542,0,3,310,12,485
624,625,3,1,21.0,0,0,678,16.1,0,3,92,12,239
625,626,1,1,61.0,0,0,628,32.3208,143,3,778,12,390
626,627,2,1,57.0,0,0,135,12.35,0,2,411,15,207
627,628,1,0,21.0,0,0,92,77.9583,147,3,462,9,439
628,629,3,1,26.0,0,0,507,7.8958,0,3,88,12,440
629,630,3,1,29.881137667304014,0,0,392,7.7333,0,2,583,12,858
630,631,1,1,80.0,0,0,296,30.0,9,3,55,12,71
631,632,3,1,51.0,0,0,478,7.0542,0,3,467,12,586
632,633,1,1,32.0,0,0,90,30.5,45,1,757,4,793
633,634,1,1,29.881137667304014,0,0,17,0.0,0,3,612,12,1103
634,635,3,0,9.0,3,2,464,27.9,0,3,739,9,730
635,636,2,0,28.0,0,0,169,13.0,0,3,196,9,777
636,637,3,1,32.0,0,0,908,7.925,0,3,436,12,112
637,638,2,1,31.0,1,1,761,26.25,0,3,162,12,468
638,639,3,0,41.0,0,5,335,39.6875,0,3,609,13,651
639,640,3,1,29.881137667304014,1,0,654,16.1,0,3,791,12,868
640,641,3,1,20.0,0,0,558,7.8542,0,3,375,12,458
641,642,1,0,24.0,0,0,795,69.3,34,1,701,10,326
642,643,3,0,2.0,3,2,464,27.9,0,3,739,9,753
643,644,3,1,29.881137667304014,0,0,104,56.4958,0,3,254,12,215
644,645,3,0,0.75,2,1,260,19.2583,0,1,44,9,358
645,646,1,1,48.0,1,0,803,76.7292,130,1,315,12,495
646,647,3,1,19.0,0,0,514,7.8958,0,3,169,12,718
647,648,1,1,56.0,0,0,89,35.5,11,1,730,1,840
648,649,3,1,29.881137667304014,0,0,845,7.55,0,3,849,12,267
649,650,3,0,23.0,0,0,777,7.55,0,3,760,9,88
650,651,3,1,29.881137667304014,0,0,504,7.8958,0,3,530,12,807
651,652,2,0,18.0,0,1,149,23.0,0,3,213,9,315
652,653,3,1,21.0,0,0,702,8.4333,0,3,390,12,590
653,654,3,0,29.881137667304014,0,0,377,7.8292,0,2,589,9,454
654,655,3,0,18.0,0,0,603,6.75,0,2,328,9,453
655,656,2,1,24.0,2,0,847,73.5,0,3,337,12,705
656,657,3,1,29.881137667304014,0,0,506,7.8958,0,3,653,12,48
657,658,3,0,32.0,1,1,596,15.5,0,2,91,13,594
658,659,2,1,23.0,0,0,326,13.0,0,3,231,12,417
659,660,1,1,58.0,0,2,573,113.275,141,1,565,12,127
660,661,1,1,50.0,2,0,827,133.65,0,3,261,4,497
661,662,3,1,40.0,0,0,231,7.225,0,1,46,12,809
662,663,1,1,47.0,0,0,679,25.5875,168,3,161,12,278
663,664,3,1,36.0,0,0,493,7.4958,0,3,157,12,864
664,665,3,1,20.0,1,0,903,7.925,0,3,452,12,292
665,666,2,1,32.0,2,0,847,73.5,0,3,337,12,710
666,667,2,1,25.0,0,0,157,13.0,0,3,111,12,903
667,668,3,1,29.881137667304014,0,0,343,7.775,0,3,679,12,684
668,669,3,1,43.0,0,0,727,8.05,0,3,168,12,538
669,670,1,0,29.881137667304014,1,0,127,52.0,74,3,784,13,314
670,671,2,0,40.0,1,1,325,39.0,0,3,104,13,1024
671,672,1,1,31.0,1,0,779,52.0,52,3,194,12,1027
672,673,2,1,70.0,0,0,752,10.5,0,3,529,12,492
673,674,2,1,31.0,0,0,192,13.0,0,3,845,12,190
674,675,2,1,29.881137667304014,0,0,181,0.0,0,3,829,12,329
675,676,3,1,18.0,0,0,544,7.775,0,3,230,12,445
676,677,3,1,24.5,0,0,407,8.05,0,3,710,12,392
677,678,3,0,18.0,0,0,676,9.8417,0,3,807,9,101
678,679,3,0,43.0,1,6,775,46.9,0,3,292,13,391
679,680,1,1,36.0,0,1,831,512.3292,46,1,127,12,1010
680,681,3,0,29.881137667304014,0,0,383,8.1375,0,2,635,9,680
681,682,1,1,27.0,0,0,803,76.7292,142,1,320,12,449
682,683,3,1,20.0,0,0,684,9.225,0,3,596,12,1026
683,684,3,1,14.0,5,2,775,46.9,0,3,292,12,197
684,685,2,1,60.0,1,1,325,39.0,0,3,104,12,1023
685,686,2,1,25.0,1,2,868,41.5792,0,1,428,12,646
686,687,3,1,14.0,4,1,335,39.6875,0,3,609,12,537
687,688,3,1,19.0,0,0,511,10.1708,0,3,187,12,167
688,689,3,1,18.0,0,0,551,7.7958,0,3,249,12,252
689,690,1,0,15.0,0,1,187,211.3375,44,3,475,9,428
690,691,1,1,31.0,1,0,113,57.0,27,3,207,12,40
691,692,3,0,4.0,0,1,539,13.4167,0,1,395,9,736
692,693,3,1,29.881137667304014,0,0,104,56.4958,0,3,423,12,72
693,694,3,1,25.0,0,0,267,7.225,0,1,694,12,682
694,695,1,1,60.0,0,0,63,26.55,0,3,832,1,592
695,696,2,1,52.0,0,0,208,13.5,0,3,139,12,205
696,697,3,1,44.0,0,0,585,8.05,0,3,401,12,544
697,698,3,0,29.881137667304014,0,0,576,7.7333,0,2,547,9,679
698,699,1,1,49.0,1,1,107,110.8833,100,1,786,12,597
699,700,3,1,42.0,0,0,479,7.65,179,3,357,12,31
700,701,1,0,18.0,1,0,833,227.525,98,1,37,13,615
701,702,1,1,35.0,0,0,793,26.2875,153,3,727,12,980
702,703,3,0,18.0,0,1,286,14.4542,0,1,53,9,937
703,704,3,1,25.0,0,0,620,7.7417,0,2,270,12,775
704,705,3,1,26.0,1,0,545,7.8542,0,3,310,12,480
705,706,2,1,39.0,0,0,226,26.0,0,3,540,12,494
706,707,2,0,45.0,0,0,140,13.5,0,3,401,13,369
707,708,1,1,42.0,0,0,794,26.2875,153,3,117,12,277
708,709,1,0,22.0,0,0,49,151.55,0,3,152,9,73
709,710,3,1,29.881137667304014,1,1,255,15.2458,0,1,543,8,448
710,711,1,0,24.0,0,0,796,49.5042,111,1,498,10,160
711,712,1,1,29.881137667304014,0,0,26,26.55,72,3,412,12,503
712,713,1,1,48.0,1,0,127,52.0,74,3,784,12,313
713,714,3,1,29.0,0,0,694,9.4833,0,3,429,12,136
714,715,2,1,52.0,0,0,219,13.0,0,3,296,12,940
715,716,3,1,19.0,0,0,482,7.65,180,3,751,12,878
716,717,1,0,38.0,0,0,833,227.525,87,1,239,9,183
717,718,2,0,27.0,0,0,403,10.5,149,3,804,9,286
718,719,3,1,29.881137667304014,0,0,606,15.5,0,2,506,12,798
719,720,3,1,33.0,0,0,439,7.775,0,3,382,12,735
720,721,2,0,6.0,0,1,207,33.0,0,3,315,9,105
721,722,3,1,17.0,1,0,557,7.0542,0,3,375,12,998
722,723,2,1,34.0,0,0,84,13.0,0,3,284,12,1102
723,724,2,1,50.0,0,0,216,13.0,0,3,344,12,493
724,725,1,1,27.0,1,0,67,53.1,174,3,138,12,837
725,726,3,1,20.0,0,0,358,8.6625,0,3,598,12,728
726,727,2,0,30.0,3,0,339,21.0,0,3,659,13,882
727,728,3,0,29.881137667304014,0,0,622,7.7375,0,2,488,9,752
728,729,2,1,25.0,1,0,162,26.0,0,3,105,12,689
729,730,3,0,25.0,1,0,912,7.925,0,3,364,9,892
730,731,1,0,29.0,0,0,187,211.3375,44,3,15,9,300
731,732,3,1,11.0,0,0,294,18.7875,0,1,321,12,510
732,733,2,1,29.881137667304014,0,0,180,0.0,0,3,414,12,923
733,734,2,1,23.0,0,0,311,13.0,0,3,73,12,1107
734,735,2,1,23.0,0,0,152,13.0,0,3,802,12,810
735,736,3,1,28.5,0,0,678,16.1,0,3,850,12,709
736,737,3,0,48.0,1,3,924,34.375,0,3,255,13,270
737,738,1,1,35.0,0,0,831,512.3292,22,1,443,12,447
738,739,3,1,29.881137667304014,0,0,484,7.8958,0,3,367,12,662
739,740,3,1,29.881137667304014,0,0,501,7.8958,0,3,557,12,805
740,741,1,1,29.881137667304014,0,0,106,30.0,138,3,322,12,1062
741,742,1,1,36.0,1,0,118,78.85,88,3,135,12,1037
742,743,1,0,21.0,2,2,824,262.375,48,1,693,9,996
743,744,3,1,24.0,1,0,655,16.1,0,3,512,12,815
744,745,3,1,31.0,0,0,905,7.925,0,3,771,12,653
745,746,1,1,70.0,1,1,928,71.0,28,3,180,0,274
746,747,3,1,16.0,1,1,753,20.25,0,3,1,12,932
747,748,2,0,30.0,0,0,220,13.0,0,3,732,9,97
748,749,1,1,19.0,1,0,45,53.1,129,3,493,12,234
749,750,3,1,31.0,0,0,395,7.75,0,2,165,12,798
750,751,2,0,4.0,1,1,318,23.0,0,3,834,9,574
751,752,3,1,6.0,0,1,669,12.475,151,3,536,8,797
752,753,3,1,33.0,0,0,431,9.5,0,3,813,12,591
753,754,3,1,23.0,0,0,487,7.8958,0,3,385,12,691
754,755,2,0,48.0,1,2,138,65.0,0,3,335,13,943
755,756,2,1,0.67,1,1,221,14.5,0,3,307,8,1052
756,757,3,1,28.0,0,0,552,7.7958,0,3,128,12,135
757,758,2,1,18.0,0,0,323,11.5,0,3,47,12,872
758,759,3,1,34.0,0,0,584,8.05,0,3,787,12,1019
759,760,1,0,33.0,0,0,0,86.5,54,3,686,17,1125
760,761,3,1,29.881137667304014,0,0,577,14.5,0,3,271,12,592
761,762,3,1,41.0,0,0,886,7.125,0,3,573,12,525
762,763,3,1,20.0,0,0,257,7.2292,0,1,52,12,451
763,764,1,0,36.0,1,2,43,120.0,61,3,131,13,1097
764,765,3,1,16.0,0,0,451,7.775,0,3,232,12,456
765,766,1,0,51.0,1,0,92,77.9583,120,3,345,13,602
766,767,1,1,29.881137667304014,0,0,24,39.6,0,1,101,4,124
767,768,3,0,30.5,0,0,597,7.75,0,2,486,9,777
768,769,3,1,29.881137667304014,1,0,646,24.15,0,2,538,12,233
769,770,3,1,32.0,0,0,701,8.3625,0,3,298,12,232
770,771,3,1,24.0,0,0,432,9.5,0,3,447,12,906
771,772,3,1,48.0,0,0,556,7.8542,0,3,375,12,824
772,773,2,0,57.0,0,0,844,10.5,173,3,473,13,17
773,774,3,1,29.881137667304014,0,0,269,7.225,0,1,234,12,243
774,775,2,0,54.0,1,3,320,23.0,0,3,343,13,303
775,776,3,1,18.0,0,0,455,7.75,0,3,551,12,863
776,777,3,1,29.881137667304014,0,0,661,7.75,183,2,793,12,930
777,778,3,0,5.0,0,0,593,12.475,0,3,236,9,1054
778,779,3,1,29.881137667304014,0,0,621,7.7375,0,2,407,12,1014
779,780,1,0,43.0,0,1,187,211.3375,32,3,674,13,280
780,781,3,0,13.0,0,0,282,7.2292,0,1,41,9,143
781,782,1,0,17.0,1,0,113,57.0,27,3,207,13,41
782,783,1,1,29.0,0,0,36,30.0,145,3,461,12,804
783,784,3,1,29.881137667304014,1,2,923,23.45,0,3,383,12,94
784,785,3,1,25.0,0,0,881,7.05,0,3,14,12,1073
785,786,3,1,25.0,0,0,651,7.25,0,3,314,12,22
786,787,3,0,18.0,0,0,328,7.4958,0,3,737,9,101
787,788,3,1,8.0,4,1,659,29.125,0,2,664,8,420
788,789,3,1,1.0,1,2,750,20.575,0,3,199,8,163
789,790,1,1,46.0,0,0,810,79.2,58,1,300,12,148
790,791,3,1,29.881137667304014,0,0,85,7.75,0,2,398,12,93
791,792,2,1,16.0,0,0,182,26.0,0,3,273,12,60
792,793,3,0,29.881137667304014,8,2,778,69.55,0,3,700,9,987
793,794,1,1,29.881137667304014,0,0,817,30.6958,0,1,356,12,1098
794,795,3,1,25.0,0,0,486,7.8958,0,3,193,12,919
795,796,2,1,39.0,0,0,304,13.0,0,3,602,12,908
796,797,1,0,49.0,0,0,111,25.9292,122,3,432,4,74
797,798,3,0,31.0,0,0,527,8.6833,0,3,600,13,744
798,799,3,1,30.0,0,0,280,7.2292,0,1,360,12,1124
799,800,3,0,30.0,1,1,425,24.15,0,3,811,13,562
800,801,2,1,34.0,0,0,219,13.0,0,3,647,12,775
801,802,2,0,31.0,1,1,761,26.25,0,3,162,13,469
802,803,1,1,11.0,1,2,43,120.0,61,3,131,8,1117
803,804,3,1,0.42,0,1,233,8.5167,0,1,788,8,130
804,805,3,1,27.0,0,0,465,6.975,0,3,326,12,852
805,806,3,1,31.0,0,0,440,7.775,0,3,380,12,671
806,807,1,1,39.0,0,0,15,0.0,16,3,24,12,1017
807,808,3,0,18.0,0,0,463,7.775,0,3,640,9,310
808,809,2,1,39.0,0,0,205,13.0,0,3,520,12,132
809,810,1,0,33.0,1,0,67,53.1,174,3,138,13,838
810,811,3,1,26.0,0,0,468,7.8875,0,3,12,12,1073
811,812,3,1,39.0,0,0,714,24.15,0,3,442,12,544
812,813,2,1,35.0,0,0,303,10.5,0,3,742,12,914
813,814,3,0,6.0,4,2,459,31.275,0,3,21,9,251
814,815,3,1,30.5,0,0,588,8.05,0,3,795,12,341
815,816,1,1,29.881137667304014,0,0,19,0.0,23,3,265,12,908
816,817,3,0,23.0,0,0,916,7.925,0,3,330,9,1070
817,818,2,1,31.0,1,1,841,37.0042,0,1,484,12,37
818,819,3,1,43.0,0,0,744,6.45,0,3,347,12,606
819,820,3,1,10.0,3,2,464,27.9,0,3,739,8,674
820,821,1,0,52.0,1,1,86,93.5,51,3,323,13,209
821,822,3,1,27.0,0,0,362,8.6625,0,3,466,12,825
822,823,1,1,38.0,0,0,125,0.0,0,3,660,5,607
823,824,3,0,27.0,0,1,669,12.475,151,3,536,13,3
824,825,3,1,2.0,4,1,335,39.6875,0,3,609,8,1039
825,826,3,1,29.881137667304014,0,0,616,6.95,0,2,252,12,592
826,827,3,1,29.881137667304014,0,0,104,56.4958,0,3,423,12,697
827,828,2,1,1.0,0,2,841,37.0042,0,1,484,8,92
828,829,3,1,29.881137667304014,0,0,610,7.75,0,2,501,12,1016
829,830,1,0,62.0,0,0,42,80.0,31,0,767,13,423
830,831,3,0,15.0,1,0,253,14.4542,0,1,859,13,111
831,832,2,1,0.83,1,1,321,18.75,0,3,666,8,425
832,833,3,1,29.881137667304014,0,0,266,7.2292,0,1,694,12,86
833,834,3,1,23.0,0,0,473,7.8542,0,3,40,12,37
834,835,3,1,18.0,0,0,139,8.3,0,3,17,12,854
835,836,1,0,39.0,1,1,832,83.1583,165,1,163,9,951
836,837,3,1,21.0,0,0,361,8.6625,0,3,615,12,542
837,838,3,1,29.881137667304014,0,0,667,8.05,0,3,734,12,790
838,839,3,1,32.0,0,0,104,56.4958,0,3,145,12,189
839,840,1,1,29.881137667304014,0,0,79,29.7,89,1,490,12,891
840,841,3,1,20.0,0,0,888,7.925,0,3,13,12,527
841,842,2,1,16.0,0,0,844,10.5,0,3,546,12,1008
842,843,1,0,30.0,0,0,62,31.0,0,1,716,9,137
843,844,3,1,34.5,0,0,278,6.4375,0,1,438,12,883
844,845,3,1,17.0,0,0,354,8.6625,0,3,181,12,571
845,846,3,1,42.0,0,0,772,7.55,0,3,0,12,106
846,847,3,1,29.881137667304014,8,2,778,69.55,0,3,700,12,250
847,848,3,1,35.0,0,0,496,7.8958,0,1,491,12,763
848,849,2,1,28.0,0,1,207,33.0,0,3,315,15,592
849,850,1,0,29.881137667304014,1,0,108,89.1042,113,1,288,13,948
850,851,3,1,4.0,4,2,459,31.275,0,3,21,8,971
851,852,3,1,74.0,0,0,437,7.775,0,3,779,12,575
852,853,3,0,9.0,1,1,273,15.2458,0,1,90,9,839
853,854,1,0,16.0,0,1,809,39.4,128,3,455,9,779
854,855,2,0,44.0,1,0,191,26.0,0,3,131,13,338
855,856,3,0,18.0,0,1,666,9.35,0,3,9,13,939
856,857,1,0,45.0,1,1,626,164.8667,0,3,841,13,413
857,858,1,1,51.0,0,0,33,26.55,152,3,188,12,880
858,859,3,0,24.0,0,3,260,19.2583,0,1,44,13,979
859,860,3,1,29.881137667304014,0,0,237,7.2292,0,1,655,12,896
860,861,3,1,41.0,2,0,546,14.1083,0,3,310,12,220
861,862,2,1,21.0,1,0,302,11.5,0,3,281,12,395
862,863,1,0,48.0,0,0,112,25.9292,122,3,782,13,397
863,864,3,0,29.881137667304014,8,2,778,69.55,0,3,700,9,248
864,865,2,1,24.0,0,0,154,13.0,0,3,283,12,629
865,866,2,0,42.0,0,0,161,13.0,0,3,114,13,10
866,867,2,0,27.0,1,0,863,13.8583,0,1,227,9,131
867,868,1,1,31.0,0,0,807,50.4958,10,3,676,12,1068
868,869,3,1,29.881137667304014,0,0,428,9.5,0,3,874,12,884
869,870,3,1,4.0,1,1,477,11.1333,0,3,382,8,461
870,871,3,1,26.0,0,0,531,7.8958,0,3,49,12,188
871,872,1,0,47.0,1,1,70,52.5542,132,3,67,13,916
872,873,1,1,33.0,0,0,688,5.0,46,3,128,12,385
873,874,3,1,47.0,0,0,419,9.0,0,3,816,12,1045
874,875,2,0,28.0,1,0,789,24.0,0,1,3,13,942
875,876,3,0,15.0,0,0,261,7.225,0,1,554,9,27
876,877,3,1,20.0,0,0,691,9.8458,0,3,301,12,70
877,878,3,1,19.0,0,0,495,7.8958,0,3,638,12,817
878,879,3,1,29.881137667304014,0,0,500,7.8958,0,3,422,12,688
879,880,1,0,56.0,0,1,75,83.1583,91,1,650,13,1018
880,881,2,0,25.0,0,1,147,26.0,0,3,722,13,1077
881,882,3,1,33.0,0,0,540,7.8958,0,3,492,12,588
882,883,3,0,22.0,0,0,697,10.5167,0,3,186,9,429
883,884,2,1,28.0,0,0,774,10.5,0,3,51,12,396
884,885,3,1,25.0,0,0,891,7.05,0,3,777,12,490
885,886,3,0,39.0,0,5,659,29.125,0,2,664,13,1078
886,887,2,1,27.0,0,0,130,13.0,0,3,535,15,660
887,888,1,0,19.0,0,0,18,30.0,41,3,294,9,749
888,889,3,0,29.881137667304014,1,2,923,23.45,0,3,383,9,186
889,890,1,1,26.0,0,0,11,30.0,78,1,69,12,669
890,891,3,1,32.0,0,0,642,7.75,0,2,214,12,857
0,892,3,1,34.5,0,0,376,7.8292,0,2,401,12,544
1,893,3,0,47.0,1,0,582,7.0,0,3,846,13,546
2,894,2,1,62.0,0,0,184,9.6875,0,2,552,12,1011
3,895,3,1,27.0,0,0,366,8.6625,0,3,854,12,37
4,896,3,0,22.0,1,1,338,12.2875,0,3,342,13,49
5,897,3,1,14.0,0,0,692,9.225,0,3,779,12,578
6,898,3,0,30.0,0,0,389,7.6292,0,2,166,9,675
7,899,2,1,26.0,1,1,211,29.0,0,3,118,12,42
8,900,3,0,18.0,0,0,251,7.2292,0,1,5,13,638
9,901,3,1,21.0,2,0,714,24.15,0,3,195,12,625
10,902,3,1,29.881137667304014,0,0,503,7.8958,0,3,363,12,1121
11,903,1,1,46.0,0,0,687,26.0,0,3,384,12,195
12,904,1,0,23.0,1,0,131,82.2667,42,3,749,13,624
13,905,2,1,63.0,1,0,185,26.0,0,3,355,12,148
14,906,1,0,47.0,1,0,926,61.175,155,3,137,13,501
15,907,2,0,24.0,1,0,866,27.7208,0,1,872,13,957
16,908,2,1,35.0,0,0,153,12.35,0,2,398,12,231
17,909,3,1,21.0,0,0,287,7.225,0,1,34,12,430
18,910,3,0,27.0,1,0,911,7.925,0,3,364,9,522
19,911,3,0,45.0,0,0,291,7.225,0,1,35,13,759
20,912,1,1,55.0,1,0,819,59.4,0,1,687,12,775
21,913,3,1,9.0,0,1,741,3.1708,0,3,594,8,128
22,914,1,0,29.881137667304014,0,0,815,31.6833,0,3,250,13,61
23,915,1,1,21.0,0,1,814,61.3792,0,1,850,12,917
24,916,1,0,48.0,1,3,824,262.375,48,1,693,13,126
25,917,3,1,50.0,1,0,735,14.5,0,3,675,12,51
26,918,1,0,22.0,0,1,39,61.9792,35,1,601,9,477
27,919,3,1,22.5,0,0,293,7.225,0,1,184,12,963
28,920,1,1,41.0,0,0,32,30.5,8,3,97,12,595
29,921,3,1,29.881137667304014,2,0,256,21.6792,0,1,706,12,295
30,922,2,1,50.0,1,0,856,26.0,0,3,464,12,192
31,923,2,1,24.0,2,0,759,31.5,0,3,373,12,224
32,924,3,0,33.0,1,2,750,20.575,0,3,199,13,161
33,925,3,0,29.881137667304014,1,2,923,23.45,0,3,383,13,95
34,926,1,1,30.0,1,0,91,57.75,103,1,531,12,888
35,927,3,1,18.5,0,0,277,7.2292,0,1,397,12,1043
36,928,3,0,29.881137667304014,0,0,406,8.05,0,3,685,9,953
37,929,3,0,21.0,0,0,351,8.6625,0,3,115,9,737
38,930,3,1,25.0,0,0,421,9.5,0,3,708,12,657
39,931,3,1,29.881137667304014,0,0,104,56.4958,0,3,327,12,715
40,932,3,1,39.0,0,1,539,13.4167,0,1,395,12,386
41,933,1,1,29.881137667304014,0,0,47,26.55,131,3,260,12,1020
42,934,3,1,41.0,0,0,873,7.85,0,3,290,12,814
43,935,2,0,30.0,0,0,165,13.0,0,3,170,13,1061
44,936,1,0,45.0,1,0,72,52.5542,123,3,408,13,285
45,937,3,1,25.0,0,0,907,7.925,0,3,626,12,827
46,938,1,1,45.0,0,0,811,29.7,20,1,143,12,862
47,939,3,1,29.881137667304014,0,0,640,7.75,0,2,719,12,857
48,940,1,0,60.0,0,0,81,76.2917,121,1,107,13,1112
49,941,3,0,36.0,0,2,769,15.9,0,3,175,13,1079
50,942,1,1,24.0,1,0,98,60.0,84,3,747,12,722
51,943,2,1,27.0,0,0,867,15.0333,0,1,651,12,386
52,944,2,0,20.0,2,1,320,23.0,0,3,343,9,311
53,945,1,0,28.0,3,2,123,263.0,81,3,257,9,354
54,946,2,1,29.881137667304014,0,0,853,15.5792,0,1,487,12,960
55,947,3,1,10.0,4,1,659,29.125,0,2,664,8,37
56,948,3,1,35.0,0,0,513,7.8958,0,3,169,12,145
57,949,3,1,25.0,0,0,480,7.65,179,3,2,12,843
58,950,3,1,29.881137667304014,1,0,665,16.1,0,3,197,12,1012
59,951,1,0,36.0,0,0,824,262.375,50,1,141,9,1049
60,952,3,1,17.0,0,0,515,7.8958,0,3,208,12,806
61,953,2,1,32.0,0,0,164,13.5,0,3,503,12,121
62,954,3,1,18.0,0,0,466,7.75,0,3,82,12,348
63,955,3,0,22.0,0,0,393,7.725,0,2,96,9,169
64,956,1,1,13.0,2,2,824,262.375,48,1,693,8,596
65,957,2,0,29.881137667304014,0,0,784,21.0,0,3,171,13,873
66,958,3,0,18.0,0,0,386,7.8792,0,2,109,9,780
67,959,1,1,47.0,0,0,61,42.4,0,3,537,12,218
68,960,1,1,31.0,0,0,227,28.5375,94,1,805,12,434
69,961,1,0,60.0,1,4,123,263.0,81,3,257,13,772
70,962,3,0,24.0,0,0,660,7.75,0,2,548,9,158
71,963,3,1,21.0,0,0,494,7.8958,0,3,527,12,695
72,964,3,0,29.0,0,0,337,7.925,0,3,570,9,740
73,965,1,1,28.5,0,0,801,27.7208,137,1,603,12,961
74,966,1,0,35.0,0,0,37,211.5,76,1,276,9,81
75,967,1,1,32.5,0,0,37,211.5,77,1,400,12,282
76,968,3,1,29.881137667304014,0,0,578,8.05,0,3,522,12,376
77,969,1,0,55.0,2,0,77,25.7,62,3,173,13,921
78,970,2,1,30.0,0,0,213,13.0,0,3,11,12,194
79,971,3,0,24.0,0,0,623,7.75,0,2,219,9,302
80,972,3,1,6.0,1,1,273,15.2458,0,1,90,8,36
81,973,1,1,67.0,1,0,797,221.7792,96,3,772,12,532
82,974,1,1,49.0,0,0,119,26.0,0,3,133,12,511
83,975,3,1,29.881137667304014,0,0,521,7.8958,0,3,201,12,764
84,976,2,1,29.881137667304014,0,0,183,10.7083,0,2,424,12,618
85,977,3,1,29.881137667304014,1,0,254,14.4542,0,1,405,12,164
86,978,3,0,27.0,0,0,372,7.8792,0,2,56,9,654
87,979,3,0,18.0,0,0,712,8.05,0,3,45,9,325
88,980,3,0,29.881137667304014,0,0,599,7.75,0,2,585,14,168
89,981,2,1,2.0,1,1,318,23.0,0,3,834,8,898
90,982,3,0,22.0,1,0,449,13.9,0,3,228,13,30
91,983,3,1,29.881137667304014,0,0,414,7.775,0,3,623,12,841
92,984,1,0,27.0,1,2,779,52.0,52,3,194,13,1028
93,985,3,1,29.881137667304014,0,0,653,8.05,0,3,299,12,920
94,986,1,1,25.0,0,0,99,26.0,0,1,79,12,542
95,987,3,1,25.0,0,0,548,7.7958,0,3,785,12,443
96,988,1,0,76.0,1,0,118,78.85,88,3,135,13,1038
97,989,3,1,29.0,0,0,897,7.925,0,3,482,12,661
98,990,3,0,20.0,0,0,476,7.8542,0,3,98,9,298
99,991,3,1,33.0,0,0,708,8.05,0,3,556,12,1102
100,992,1,0,43.0,1,0,80,55.4417,69,1,763,13,199
101,993,2,1,27.0,1,0,143,26.0,0,3,833,12,707
102,994,3,1,29.881137667304014,0,0,604,7.75,0,2,253,12,1073
103,995,3,1,26.0,0,0,447,7.775,0,3,381,12,853
104,996,3,0,16.0,1,1,233,8.5167,0,1,788,13,50
105,997,3,1,28.0,0,0,743,22.525,0,3,348,12,584
106,998,3,1,21.0,0,0,378,7.8208,0,2,106,12,231
107,999,3,1,29.881137667304014,0,0,663,7.75,0,2,692,12,267
108,1000,3,1,29.881137667304014,0,0,400,8.7125,0,3,848,12,20
109,1001,2,1,18.5,0,0,210,13.0,175,3,780,12,404
110,1002,2,1,41.0,0,0,172,15.0458,0,1,761,12,949
111,1003,3,0,29.881137667304014,0,0,387,7.7792,0,2,723,9,310
112,1004,1,0,36.0,0,0,799,31.6792,12,1,241,9,258
113,1005,3,0,18.5,0,0,371,7.2833,0,2,106,9,677
114,1006,1,0,63.0,1,0,797,221.7792,96,3,772,13,533
115,1007,3,1,18.0,1,0,275,14.4542,0,1,149,12,241
116,1008,3,1,29.881137667304014,0,0,276,6.4375,0,1,788,12,592
117,1009,3,0,1.0,1,1,839,16.7,185,3,707,9,146
118,1010,1,1,36.0,0,0,88,75.2417,97,1,63,12,1025
119,1011,2,0,29.0,1,0,855,26.0,0,3,139,13,611
120,1012,2,0,12.0,0,0,764,15.75,0,3,830,9,159
121,1013,3,1,29.881137667304014,1,0,609,7.75,0,2,406,12,592
122,1014,1,0,35.0,1,0,91,57.75,82,1,712,13,859
123,1015,3,1,28.0,0,0,668,7.25,0,3,132,12,69
124,1016,3,1,29.881137667304014,0,0,625,7.75,0,2,402,12,592
125,1017,3,0,17.0,0,1,647,16.1,0,3,179,9,692
126,1018,3,1,22.0,0,0,554,7.7958,0,3,102,12,672
127,1019,3,0,29.881137667304014,2,0,608,23.25,0,2,502,9,78
128,1020,2,1,42.0,0,0,129,13.0,0,3,93,12,978
129,1021,3,1,24.0,0,0,404,8.05,0,3,636,12,768
130,1022,3,1,32.0,0,0,917,8.05,0,3,756,12,489
131,1023,1,1,53.0,0,0,48,28.5,92,1,293,1,115
132,1024,3,0,29.881137667304014,0,4,671,25.4667,0,3,434,13,377
133,1025,3,1,29.881137667304014,1,0,229,6.4375,0,1,788,12,210
134,1026,3,1,43.0,0,0,509,7.8958,0,3,210,12,1041
135,1027,3,1,24.0,0,0,569,7.8542,0,3,128,12,179
136,1028,3,1,26.5,0,0,250,7.225,0,1,866,12,743
137,1029,2,1,26.0,0,0,202,13.0,0,3,713,12,132
138,1030,3,0,23.0,0,0,893,8.05,0,3,220,9,568
139,1031,3,1,40.0,1,6,775,46.9,0,3,292,12,201
140,1032,3,0,10.0,5,2,775,46.9,0,3,292,9,572
141,1033,1,0,33.0,0,0,49,151.55,0,3,191,9,952
142,1034,1,1,61.0,1,3,824,262.375,48,1,693,12,125
143,1035,2,1,28.0,0,0,196,26.0,0,3,64,12,488
144,1036,1,1,42.0,0,0,114,26.55,0,3,450,12,333
145,1037,3,1,31.0,3,0,417,18.0,0,3,817,12,657
146,1038,1,1,29.881137667304014,0,0,109,51.8625,164,3,338,12,502
147,1039,3,1,22.0,0,0,854,8.05,0,3,195,12,360
148,1040,1,1,29.881137667304014,0,0,57,26.55,0,3,177,12,595
149,1041,2,1,30.0,1,1,223,26.0,0,3,420,15,1073
150,1042,1,0,23.0,0,1,75,83.1583,95,1,229,13,166
151,1043,3,1,29.881137667304014,0,0,538,7.8958,0,1,495,12,823
152,1044,3,1,60.5,0,0,631,0.0,0,3,768,12,1004
153,1045,3,0,36.0,0,2,565,12.1833,0,3,413,13,9
154,1046,3,1,13.0,4,2,454,31.3875,0,3,33,8,367
155,1047,3,1,24.0,0,0,846,7.55,0,3,226,12,635
156,1048,1,0,29.0,0,0,797,221.7792,116,3,77,9,308
157,1049,3,0,23.0,0,0,474,7.8542,0,3,468,9,845
158,1050,1,1,42.0,0,0,4,26.55,126,3,87,12,616
159,1051,3,0,26.0,0,2,883,13.775,0,3,620,13,149
160,1052,3,0,29.881137667304014,0,0,396,7.7333,0,2,748,9,654
161,1053,3,1,7.0,1,1,244,15.2458,0,1,801,8,427
162,1054,2,0,26.0,0,0,137,13.5,0,3,858,9,765
163,1055,3,1,29.881137667304014,0,0,410,7.0,0,3,621,12,335
164,1056,2,1,41.0,0,0,166,13.0,0,3,633,15,645
165,1057,3,0,26.0,1,1,365,22.025,0,3,410,13,109
166,1058,1,1,48.0,0,0,808,50.4958,21,1,99,12,317
167,1059,3,1,18.0,2,2,924,34.375,0,3,255,12,281
168,1060,1,0,29.881137667304014,0,0,117,27.7208,0,1,134,13,482
169,1061,3,0,22.0,0,0,696,8.9625,0,3,331,9,504
170,1062,3,1,29.881137667304014,0,0,843,7.55,0,3,458,12,972
171,1063,3,1,27.0,0,0,264,7.225,0,1,866,12,849
172,1064,3,1,23.0,1,0,449,13.9,0,3,228,12,29
173,1065,3,1,29.881137667304014,0,0,268,7.2292,0,1,798,12,129
174,1066,3,1,40.0,1,5,454,31.3875,0,3,33,12,178
175,1067,2,0,15.0,0,2,325,39.0,0,3,104,9,259
176,1068,2,0,20.0,0,0,763,36.75,0,3,731,9,789
177,1069,1,1,54.0,1,0,80,55.4417,69,1,763,12,198
178,1070,2,0,36.0,0,3,146,39.0,184,3,66,13,79
179,1071,1,0,64.0,0,2,832,83.1583,163,1,163,13,56
180,1072,2,1,30.0,0,0,151,13.0,0,3,504,12,552
181,1073,1,1,37.0,1,1,832,83.1583,167,1,163,12,57
182,1074,1,0,18.0,1,0,45,53.1,129,3,493,13,235
183,1075,3,1,29.881137667304014,0,0,700,7.75,0,2,426,12,857
184,1076,1,0,27.0,1,1,800,247.5208,49,1,216,13,394
185,1077,2,1,40.0,0,0,177,16.0,0,3,497,12,378
186,1078,2,0,21.0,0,1,842,21.0,0,3,642,9,76
187,1079,3,1,17.0,2,0,715,8.05,0,3,195,12,635
188,1080,3,0,29.881137667304014,8,2,778,69.55,0,3,700,9,26
189,1081,2,1,40.0,0,0,306,13.0,0,3,819,12,544
190,1082,2,1,34.0,1,0,142,26.0,0,3,26,12,1080
191,1083,1,1,29.881137667304014,0,0,7,26.0,0,3,704,12,24
192,1084,3,1,11.5,1,1,736,14.5,0,3,873,8,1063
193,1085,2,1,61.0,0,0,159,12.35,0,2,457,12,592
194,1086,2,1,8.0,0,2,305,32.5,0,3,222,8,773
195,1087,3,1,33.0,0,0,470,7.8542,0,3,393,12,659
196,1088,1,1,6.0,0,2,105,134.5,157,1,754,8,922
197,1089,3,0,18.0,0,0,443,7.775,0,3,572,9,156
198,1090,2,1,23.0,0,0,760,10.5,0,3,48,12,211
199,1091,3,0,29.881137667304014,0,0,682,8.1125,0,3,654,13,11
200,1092,3,0,29.881137667304014,0,0,606,15.5,0,2,550,9,835
201,1093,3,1,0.33,0,2,457,14.4,0,3,189,8,435
202,1094,1,1,47.0,1,0,833,227.525,98,1,37,1,614
203,1095,2,0,8.0,1,1,239,26.0,0,3,652,9,1118
204,1096,2,1,25.0,0,0,765,10.5,0,3,23,12,384
205,1097,1,1,29.881137667304014,0,0,780,25.7417,0,1,597,12,64
206,1098,3,0,35.0,0,0,703,7.75,0,2,509,9,677
207,1099,2,1,24.0,0,0,300,10.5,0,3,160,12,965
208,1100,1,0,33.0,0,0,829,27.7208,2,1,682,9,260
209,1101,3,1,25.0,0,0,533,7.8958,0,3,200,12,900
210,1102,3,1,32.0,0,0,743,22.525,0,3,18,12,45
211,1103,3,1,29.881137667304014,0,0,877,7.05,0,3,248,12,726
212,1104,2,1,17.0,0,0,847,73.5,0,3,198,12,875
213,1105,2,0,60.0,1,0,185,26.0,0,3,355,13,150
214,1106,3,0,38.0,4,2,467,7.775,0,3,21,9,521
215,1107,1,1,42.0,0,0,27,42.5,24,3,324,12,217
216,1108,3,0,29.881137667304014,0,0,380,7.8792,0,2,479,9,169
217,1109,1,1,57.0,1,1,626,164.8667,0,3,841,12,412
218,1110,1,0,50.0,1,1,37,211.5,104,1,843,13,415
219,1111,3,1,29.881137667304014,0,0,367,8.05,0,3,789,12,53
220,1112,2,0,30.0,1,0,862,13.8583,0,1,227,9,370
221,1113,3,1,21.0,0,0,405,8.05,0,3,662,12,460
222,1114,2,0,22.0,0,0,922,10.5,182,3,168,13,19
223,1115,3,1,21.0,0,0,560,7.7958,0,3,393,12,290
224,1116,1,0,53.0,0,0,822,27.4458,0,1,123,13,269
225,1117,3,0,29.881137667304014,0,2,255,15.2458,0,1,543,13,407
226,1118,3,1,23.0,0,0,561,7.7958,0,3,33,12,579
227,1119,3,0,29.881137667304014,0,0,634,7.75,0,2,513,9,168
228,1120,3,1,40.5,0,0,773,15.1,0,3,242,12,1015
229,1121,2,1,36.0,0,0,188,13.0,0,3,343,12,946
230,1122,2,1,14.0,0,0,138,65.0,0,3,781,12,418
231,1123,1,0,21.0,0,0,60,26.55,0,3,847,9,225
232,1124,3,1,21.0,1,0,329,6.4958,0,3,844,12,671
233,1125,3,1,29.881137667304014,0,0,388,7.8792,0,2,454,12,798
234,1126,1,1,39.0,1,0,816,71.2833,107,1,182,12,600
235,1127,3,1,20.0,0,0,571,7.8542,0,3,820,12,847
236,1128,1,1,64.0,1,0,6,75.25,134,1,828,12,382
237,1129,3,1,20.0,0,0,274,7.225,0,1,42,12,894
238,1130,2,0,18.0,1,1,222,13.0,0,3,339,9,774
239,1131,1,0,48.0,1,0,837,106.425,108,1,216,13,1060
240,1132,1,0,55.0,0,0,22,27.7208,0,1,453,13,175
241,1133,2,0,45.0,0,2,175,30.0,0,3,148,13,1
242,1134,1,1,45.0,1,1,105,134.5,157,1,754,12,388
243,1135,3,1,29.881137667304014,0,0,435,7.8875,0,3,359,12,21
244,1136,3,1,29.881137667304014,1,2,923,23.45,0,3,383,8,1086
245,1137,1,1,41.0,1,0,110,51.8625,125,3,404,12,400
246,1138,2,0,22.0,0,0,784,21.0,0,3,394,13,536
247,1139,2,1,42.0,1,1,305,32.5,0,3,222,12,554
248,1140,2,0,29.0,1,0,265,26.0,0,3,346,13,989
249,1141,3,0,29.881137667304014,1,0,254,14.4542,0,1,405,13,165
250,1142,2,0,0.92,1,2,768,27.75,0,3,836,9,144
251,1143,3,1,20.0,0,0,887,7.925,0,3,4,12,23
252,1144,1,1,27.0,1,0,94,136.7792,110,1,150,12,1064
253,1145,3,1,24.0,0,0,689,9.325,0,3,702,12,671
254,1146,3,1,32.5,0,0,427,9.5,0,3,835,12,716
255,1147,3,1,29.881137667304014,0,0,770,7.55,0,3,472,12,426
256,1148,3,1,29.881137667304014,0,0,740,7.75,0,2,479,12,592
257,1149,3,1,28.0,0,0,586,8.05,0,3,571,12,940
258,1150,2,0,19.0,0,0,309,13.0,0,3,71,9,712
259,1151,3,1,21.0,0,0,415,7.775,0,3,521,12,664
260,1152,3,1,36.5,1,0,416,17.4,0,3,869,12,441
261,1153,3,1,21.0,0,0,570,7.8542,0,3,572,12,134
262,1154,2,0,29.0,0,2,318,23.0,0,3,834,13,123
263,1155,3,0,1.0,1,1,565,12.1833,0,3,413,9,432
264,1156,2,1,30.0,0,0,767,12.7375,0,1,648,12,322
265,1157,3,1,29.881137667304014,0,0,518,7.8958,0,3,471,12,982
266,1158,1,1,29.881137667304014,0,0,16,0.0,0,3,146,12,929
267,1159,3,1,29.881137667304014,0,0,771,7.55,0,3,828,12,214
268,1160,3,0,29.881137667304014,0,0,705,8.05,0,3,355,9,796
269,1161,3,1,17.0,0,0,359,8.6625,0,3,646,12,783
270,1162,1,1,46.0,0,0,88,75.2417,97,1,499,12,1011
271,1163,3,1,29.881137667304014,0,0,619,7.75,0,2,258,12,857
272,1164,1,0,26.0,1,0,94,136.7792,110,1,150,13,1065
273,1165,3,0,29.881137667304014,1,0,637,15.5,0,2,440,9,777
274,1166,3,1,29.881137667304014,0,0,271,7.225,0,1,695,12,564
275,1167,2,0,20.0,1,0,162,26.0,0,3,105,9,229
276,1168,2,1,28.0,0,0,851,10.5,0,3,610,12,223
277,1169,2,1,40.0,1,0,324,26.0,0,3,246,12,464
278,1170,2,1,30.0,1,0,776,21.0,0,3,827,12,616
279,1171,2,1,22.0,0,0,920,10.5,0,3,604,12,874
280,1172,3,0,23.0,0,0,349,8.6625,0,3,598,9,567
281,1173,3,1,0.75,1,1,883,13.775,0,3,620,8,63
282,1174,3,0,29.881137667304014,0,0,601,7.75,0,2,251,9,509
283,1175,3,0,9.0,1,1,244,15.2458,0,1,801,9,758
284,1176,3,0,2.0,1,1,632,20.2125,0,3,681,9,938
285,1177,3,1,36.0,0,0,724,7.25,0,3,204,12,1073
286,1178,3,1,29.881137667304014,0,0,882,7.25,0,3,260,12,191
287,1179,1,1,24.0,1,0,131,82.2667,42,3,749,12,623
288,1180,3,1,29.881137667304014,0,0,249,7.2292,176,1,489,12,954
289,1181,3,1,29.881137667304014,0,0,719,8.05,0,3,255,12,118
290,1182,1,1,29.881137667304014,0,0,823,39.6,0,3,663,12,410
291,1183,3,0,30.0,0,0,657,6.95,0,2,188,9,751
292,1184,3,1,29.881137667304014,0,0,246,7.2292,0,1,558,12,811
293,1185,1,1,53.0,1,1,398,81.8583,15,3,211,4,1066
294,1186,3,1,36.0,0,0,424,9.5,0,3,856,12,172
295,1187,3,1,26.0,0,0,485,7.8958,0,3,25,12,805
296,1188,2,0,1.0,1,2,868,41.5792,0,1,428,9,721
297,1189,3,1,29.881137667304014,2,0,256,21.6792,0,1,706,12,450
298,1190,1,1,30.0,0,0,64,45.5,0,3,463,12,642
299,1191,3,1,29.0,0,0,472,7.8542,0,3,380,12,828
300,1192,3,1,32.0,0,0,456,7.775,0,3,595,12,851
301,1193,2,1,29.881137667304014,0,0,173,15.0458,118,1,483,12,834
302,1194,2,1,43.0,0,1,842,21.0,0,3,642,12,352
303,1195,3,1,24.0,0,0,356,8.6625,0,3,646,12,1034
304,1196,3,0,29.881137667304014,0,0,662,7.75,0,2,500,9,187
305,1197,1,0,64.0,1,1,25,26.55,30,3,180,13,275
306,1198,1,1,30.0,1,2,49,151.55,80,3,16,12,514
307,1199,3,1,0.83,0,1,666,9.35,0,3,9,8,886
308,1200,1,1,55.0,1,1,86,93.5,51,3,323,12,208
309,1201,3,0,45.0,1,0,546,14.1083,0,3,310,13,221
310,1202,3,1,18.0,0,0,355,8.6625,0,3,115,12,566
311,1203,3,1,22.0,0,0,252,7.225,0,1,818,12,237
312,1204,3,1,29.881137667304014,0,0,788,7.575,0,3,698,12,464
313,1205,3,0,37.0,0,0,617,7.75,0,2,129,9,565
314,1206,1,0,55.0,0,0,836,135.6333,85,1,840,13,626
315,1207,3,0,17.0,0,0,739,7.7333,0,2,303,9,675
316,1208,1,1,57.0,1,0,802,146.5208,55,1,755,12,1087
317,1209,2,1,19.0,0,0,299,10.5,0,3,677,12,904
318,1210,3,1,27.0,0,0,568,7.8542,0,3,386,12,831
319,1211,2,1,22.0,2,0,759,31.5,0,3,373,12,342
320,1212,3,1,26.0,0,0,452,7.775,0,3,21,12,585
321,1213,3,1,25.0,0,0,248,7.2292,177,1,416,12,819
322,1214,2,1,26.0,0,0,200,13.0,181,3,564,12,534
323,1215,1,1,33.0,0,0,56,26.55,0,3,689,12,66
324,1216,1,0,39.0,0,0,187,211.3375,0,3,417,9,320
325,1217,3,1,23.0,0,0,878,7.05,0,3,36,12,72
326,1218,2,0,12.0,2,1,146,39.0,184,3,66,9,934
327,1219,1,1,46.0,0,0,806,79.2,0,1,683,12,406
328,1220,2,1,29.0,1,0,128,26.0,0,3,151,12,213
329,1221,2,1,21.0,0,0,163,13.0,0,3,238,12,530
330,1222,2,0,48.0,0,2,763,36.75,0,3,195,13,620
331,1223,1,1,39.0,0,0,804,29.7,5,1,225,12,1093
332,1224,3,1,29.881137667304014,0,0,279,7.225,0,1,788,12,999
333,1225,3,0,19.0,1,1,247,15.7417,0,1,555,13,936
334,1226,3,1,27.0,0,0,512,7.8958,0,3,169,12,535
335,1227,1,1,30.0,0,0,3,26.0,66,3,478,12,605
336,1228,2,1,32.0,0,0,197,13.0,0,3,868,12,630
337,1229,3,1,39.0,0,2,270,7.2292,0,1,234,12,635
338,1230,2,1,25.0,0,0,759,31.5,0,3,202,12,499
339,1231,3,1,29.881137667304014,0,0,230,7.2292,0,1,74,8,959
340,1232,2,1,18.0,0,0,747,10.5,0,3,247,12,641
341,1233,3,1,32.0,0,0,563,7.5792,0,3,469,12,1029
342,1234,3,1,29.881137667304014,1,9,778,69.55,0,3,700,12,607
343,1235,1,0,58.0,0,1,831,512.3292,46,1,127,13,556
344,1236,3,1,29.881137667304014,1,1,736,14.5,0,3,873,8,557
345,1237,3,0,16.0,0,0,483,7.65,0,3,2,9,663
346,1238,2,1,26.0,0,0,170,13.0,0,3,89,12,1104
347,1239,3,0,38.0,0,0,283,7.2292,0,1,837,13,422
348,1240,2,1,24.0,0,0,206,13.5,0,3,281,12,897
349,1241,2,0,31.0,0,0,781,21.0,0,3,824,9,818
350,1242,1,0,45.0,0,1,835,63.3583,119,1,297,13,699
351,1243,2,1,25.0,0,0,785,10.5,0,3,766,12,887
352,1244,2,1,18.0,0,0,847,73.5,0,3,206,12,1073
353,1245,2,1,49.0,1,2,138,65.0,0,3,335,12,940
354,1246,3,0,0.17,1,2,750,20.575,0,3,199,9,304
355,1247,1,1,50.0,0,0,29,26.0,169,3,387,12,486
356,1248,1,0,59.0,2,0,76,51.4792,62,3,104,13,622
357,1249,3,1,29.881137667304014,0,0,83,7.8792,0,3,460,12,267
358,1250,3,1,29.881137667304014,0,0,618,7.75,0,2,588,12,857
359,1251,3,0,30.0,1,0,542,15.55,0,3,451,13,265
360,1252,3,1,14.5,8,2,778,69.55,0,3,700,8,1102
361,1253,2,0,24.0,1,1,841,37.0042,0,1,484,13,38
362,1254,2,0,31.0,0,0,776,21.0,0,3,827,13,617
363,1255,3,1,27.0,0,0,347,8.6625,0,3,773,12,535
364,1256,1,0,25.0,1,0,74,55.4417,166,1,312,13,409
365,1257,3,0,29.881137667304014,1,9,778,69.55,0,3,700,13,593
366,1258,3,1,29.881137667304014,1,0,284,14.4583,0,1,125,12,635
367,1259,3,0,22.0,0,0,335,39.6875,0,3,668,9,997
368,1260,1,0,45.0,0,1,23,59.4,0,1,278,13,703
369,1261,2,1,29.0,0,0,861,13.8583,0,1,607,12,321
370,1262,2,1,21.0,1,0,301,11.5,0,3,281,12,254
371,1263,1,0,31.0,0,0,105,134.5,160,1,852,9,472
372,1264,1,1,49.0,0,0,19,0.0,47,3,366,12,640
373,1265,2,1,44.0,0,0,214,13.0,0,3,311,12,1100
374,1266,1,0,54.0,1,1,398,81.8583,15,3,211,13,1067
375,1267,1,0,45.0,0,0,824,262.375,0,1,92,9,438
376,1268,3,0,22.0,2,0,364,8.6625,0,3,409,9,756
377,1269,2,1,21.0,0,0,322,11.5,0,3,174,12,487
378,1270,1,1,55.0,0,0,685,50.0,86,3,340,12,1094
379,1271,3,1,5.0,4,2,454,31.3875,0,3,33,8,174
380,1272,3,1,29.881137667304014,0,0,607,7.75,0,2,584,12,857
381,1273,3,1,26.0,0,0,375,7.8792,0,2,253,12,635
382,1274,3,0,29.881137667304014,0,0,587,14.5,0,3,672,13,941
383,1275,3,0,19.0,1,0,655,16.1,0,3,512,13,816
384,1276,2,1,29.881137667304014,0,0,864,12.875,0,3,839,12,283
385,1277,2,0,24.0,1,2,138,65.0,0,3,335,9,675
386,1278,3,1,24.0,0,0,543,7.775,0,3,29,12,345
387,1279,2,1,57.0,0,0,195,13.0,0,3,31,12,592
388,1280,3,1,21.0,0,0,600,7.75,0,2,122,12,857
389,1281,3,1,6.0,3,1,541,21.075,0,3,608,8,861
390,1282,1,1,23.0,0,0,86,93.5,29,3,619,12,1055
391,1283,1,0,51.0,0,1,809,39.4,128,3,455,13,339
392,1284,3,1,13.0,0,2,753,20.25,0,3,1,8,356
393,1285,2,1,47.0,0,0,757,10.5,0,3,280,12,1073
394,1286,3,1,29.0,3,1,365,22.025,0,3,410,12,108
395,1287,1,0,18.0,1,0,98,60.0,84,3,747,13,723
396,1288,3,1,24.0,0,0,645,7.25,0,2,156,12,857
397,1289,1,0,48.0,1,1,96,79.2,40,1,263,13,795
398,1290,3,1,22.0,0,0,442,7.775,0,3,430,12,263
399,1291,3,1,31.0,0,0,132,7.7333,0,2,164,12,1012
400,1292,1,0,30.0,0,0,626,164.8667,101,3,86,9,182
401,1293,2,1,38.0,1,0,313,21.0,0,3,269,12,464
402,1294,1,0,22.0,0,1,23,59.4,0,1,278,9,249
403,1295,1,1,17.0,0,0,35,47.1,0,3,130,12,632
404,1296,1,1,43.0,1,0,116,27.7208,136,1,261,12,531
405,1297,2,1,20.0,0,0,865,13.8625,135,1,577,12,62
406,1298,2,1,23.0,1,0,315,10.5,0,3,827,12,1106
407,1299,1,1,50.0,1,1,37,211.5,104,1,843,12,414
408,1300,3,0,29.881137667304014,0,0,394,7.7208,0,2,671,9,589
409,1301,3,0,3.0,1,1,883,13.775,0,3,620,9,1036
410,1302,3,0,29.881137667304014,0,0,605,7.75,0,2,561,9,452
411,1303,1,0,37.0,1,0,120,90.0,103,2,525,13,1095
412,1304,3,0,28.0,0,0,462,7.775,0,3,333,9,569
413,1305,3,1,29.881137667304014,0,0,711,8.05,0,3,753,12,1119
414,1306,1,0,39.0,0,0,834,108.9,65,1,593,3,366
415,1307,3,1,38.5,0,0,872,7.25,0,3,699,12,973
416,1308,3,1,29.881137667304014,0,0,579,8.05,0,3,827,12,390
417,1309,3,1,29.881137667304014,1,1,262,22.3583,0,1,634,8,799
